Trinucleotide,DNA_bendability,X_Displacement,Y_Displacement,Inclination,Tip,Shear,Stretch,Stagger,Buckle,Propel,Opening,Alpha,Beta,Gamma,Delta,Epsilon,Zeta,Chi,Phase,Amplitude,Hydrogen_bond,Stacking_energy,Solvation
AAA,-0.274,-0.5704695,-0.2310935,4.3356063,4.23235716,0.15,0.01,-0.02,4.748,-15.635,2.561,-72.16648,171.3449,53.72143,136.6333,-160.849,-108.86519,-121.5903,152.0133,42.6611,-10.9345,-53.626,-347.8
AAC,-0.205,-0.985531,-0.17663626,3.8413558,1.11038202,0.17,0.02,0.18,7.451,-15.554,1.772,-72.27755,155.9904,52.12824,141.2387,-171.8112,-111.59281,-95.20774,165.8354,38.88063,-12.1405,-54.715,-347.3
AAG,-0.081,-0.569577,0.45649458,2.1728907,-0.44366662,0.12,0,0.2,6.778,-16.59,3.074,-72.72767,165.7683,56.53837,137.3245,-164.4114,-111.66812,-111.59663,154.3361,41.9715,-11.303,-53.1145,-353.5
AAT,-0.28,-1.1945644,-0.34293356,-0.8132313,-0.29298186,0.16,0.03,0.14,2.38,-13.934,1.926,-72.54783,160.6649,54.18299,137.5535,-173.3798,-116.46274,-92.93232,161.3992,38.59332,-10.7,-54.0715,-348
ACA,-0.006,-0.8718368,-0.7469916,3.2483202,-1.71274752,0.02,0.05,0.03,-8.326,-2.805,1.619,-69.90077,170.8319,55.28862,128.8696,-156.1875,-114.45656,-114.28171,139.9619,42.68946,-14.4855,-54.4345,-351.6
ACC,-0.032,-1.7292661,-0.35313144,3.802034,-0.49279612,-0.02,0.03,-0.07,-10.947,-11.906,1.192,-69.6928,161.6589,55.15889,134.1221,-166.3675,-116.9467,-101.48541,149.8841,41.31894,-16.931,-53.7415,-347.9
ACG,-0.033,-0.9530348,-0.65906006,3.2983426,-2.05998762,0,0.04,0.07,-8.602,-5.675,1.564,-70.27653,171.2788,55.4878,132.3954,-159.9699,-113.26328,-113.85939,143.8227,44.3625,-15.055,-55.7215,-349.7
ACT,-0.183,-0.7418331,-0.34343168,1.1837624,-2.25916584,-0.01,0.01,0.18,-3.41,-12.932,0.923,-69.85166,171.4851,60.42924,129.6069,-172.5953,-122.98519,-92.71866,144.6898,41.07605,-14.0835,-55.342,-340.4
AGA,0.027,-0.7161212,-0.09798722,-0.8561971,4.07478588,0.08,0.04,0.1,10.641,-7.812,1.13,-75.82796,163.7606,53.74641,140.0338,-147.3674,-106.34929,-134.1579,155.1104,43.42207,-14.5525,-53.329,-342
AGC,0.017,-1.678439,-0.01431998,2.3988581,3.61558066,0.03,0,0.21,-2.06,-11.018,0.272,-74.01155,163.3355,52.3548,140.7976,-158.8062,-108.86054,-126.87564,157.1129,43.41778,-14.9545,-54.946,-334.5
AGG,-0.057,-1.0735389,0.33681624,4.2203104,0.92515622,0.06,0.03,0.27,10.531,-6.85,0.551,-80.2575,139.7011,75.33564,139.002,-156.4824,-121.91871,-103.04502,157.5381,41.34921,-14.1505,-52.9,-344.7
AGT,-0.183,-0.9259209,-0.43269458,1.2231621,3.03366366,-0.01,0.01,0.18,-3.41,-12.932,0.923,-74.4908,178.6594,53.28585,133.6459,-174.7073,-117.91536,-96.79762,152.2948,40.90274,-14.0835,-55.342,-340.4
ATA,0.182,-1.3165923,-0.44843922,-1.0195806,-2.24167964,0.11,0.04,0.09,-7.199,-5.22,2.647,-71.04265,171.4867,60.78011,131.9543,-163.3902,-115.45682,-94.62157,145.2705,42.26045,-10.901,-53.8735,-355.8
ATC,-0.11,-0.3684998,-0.39751082,3.6844849,-2.77954686,0.14,0.03,0.05,-2.528,-14.349,1.729,-67.94862,176.2342,56.1642,130.1175,-168.3398,-114.1801,-100.26347,142.7331,42.48081,-13.2125,-54.385,-341.1
ATG,0.134,-1.3275156,-0.18101686,4.4356695,-3.23292856,0.12,0.02,0.03,-1.588,-14.484,2.233,-69.95431,170.6724,57.07235,131.9174,-154.538,-111.47282,-112.47107,143.4997,42.76021,-13.5475,-54.3025,-355.7
ATT,-0.28,-1.0944818,-0.47919096,4.6491522,-0.2542509,0.16,0.03,0.14,2.38,-13.934,1.926,-67.12968,177.307,56.56766,127.1534,-173.6383,-118.51954,-94.25195,141.019,40.88483,-10.7,-54.0715,-348
CAA,0.015,-0.184955,-0.31190548,5.86466,4.5771542,0.1,0.01,-0.04,8.302,-8.669,3.613,-76.52227,167.9211,52.13974,140.6319,-132.8413,-98.76933,-165.83319,151.8514,44.93115,-13.447,-54.121,-351.5
CAC,0.04,-1.3894377,0.33438842,3.1857232,1.44895504,0.11,0.01,0.06,1.972,-10.956,2.378,-72.76665,163.0225,52.34111,140.9891,-168.799,-112.98389,-103.01725,163.8834,39.78198,-13.8155,-54.9625,-356.3
CAG,0.175,-1.2159084,0.49417256,5.8439829,3.32512554,0.1,0.02,0.1,3.89,-4.639,2.857,-75.76004,169.2395,52.22902,138.8087,-151.2219,-102.06903,-115.40174,154.8028,42.32426,-13.9495,-54.88,-372.7
CAT,0.134,-1.0034537,0.11047502,3.9246531,4.92380368,0.12,0.02,0.03,-1.588,-14.484,2.233,-73.57184,162.9674,53.14198,139.9407,-177.4088,-116.10151,-96.6605,166.1838,38.04946,-13.5475,-54.3025,-355.7
CCA,-0.246,-1.4401055,-0.00640122,4.9535089,0.2935815,0,0.02,0.03,6.91,-3.042,1.037,-71.19717,172.9984,54.48181,132.136,-157.6707,-115.12867,-106.90006,146.5625,41.02809,-14.117,-53.2135,-348
CCC,-0.012,-1.0098762,0.46563076,4.4367153,1.3629436,0.04,0.03,0.08,8.615,-4.807,0.466,-69.07802,169.0977,57.20455,131.9826,-162.7845,-115.23283,-101.39861,146.8323,41.08219,-17.4,-52.9495,-329.4
CCG,-0.136,-0.9369696,-0.19947826,2.9556894,-1.35221552,0.03,0.02,0.16,7.006,-6.356,0.918,-73.24814,169.4889,58.01307,130.4203,-155.3859,-116.5641,-101.06443,144.2744,40.80024,-16.8975,-54.319,-349.2
CCT,-0.057,-0.7685037,0.61090644,5.0116825,0.61468524,0.06,0.03,0.27,10.531,-6.85,0.551,-69.19637,171.3427,58.53176,128.0602,-168.0454,-114.12768,-105.27155,139.6178,41.95827,-14.1505,-52.9,-344.7
CGA,-0.003,-0.2869348,0.14337448,3.8087482,1.46034228,0.02,0.03,0.01,7.199,-4.796,1.437,-76.91839,165.857,51.4225,141.6478,-137.1134,-98.23025,-158.26206,155.6264,43.7724,-15.4235,-54.715,-351.3
CGC,-0.077,-0.9602324,0.1404132,4.5645024,1.7009606,0.02,0.02,0.14,0.758,-5.253,0.617,-75.70834,168.7336,50.18558,140.4712,-144.3063,-101.78634,-143.87237,155.1767,43.972,-17.333,-56.2,-345.6
CGG,-0.136,-0.9296289,-0.22563374,4.3710489,1.70748978,0.03,0.02,0.16,7.006,-6.356,0.918,-76.50149,166.1588,52.63409,142.3004,-151.4369,-100.8668,-125.83815,161.0762,41.78376,-16.8975,-54.319,-349.2
CGT,-0.033,-0.9242223,-0.17684804,4.3371538,1.08844576,0,0.04,0.07,-8.602,-5.675,1.564,-72.75188,170.985,53.16613,138.239,-165.6159,-112.95828,-110.20894,160.1161,40.07267,-15.055,-55.7215,-349.7
CTA,0.09,-0.7939924,-0.19966704,7.6225754,-1.76062918,0.14,0.04,0.12,5.262,-8.449,3.275,-71.77671,174.4079,54.47133,128.7172,-158.7914,-113.39885,-117.9284,137.9927,43.36776,-12.9445,-54.352,-356.8
CTC,0.031,-1.3543278,-0.05042736,6.8536779,0.74763844,0.13,0.02,0.08,2.037,-11.432,2.895,-69.66832,178.5193,54.41209,129.5681,-169.0695,-116.20769,-103.46182,142.4883,41.9018,-13.8155,-53.3125,-348.9
CTG,0.175,-0.8549951,0.08686836,7.0902249,-3.62834496,0.1,0.02,0.1,3.89,-4.639,2.857,-73.51176,161.5405,66.67597,132.7923,-157.1397,-118.34437,-101.38595,146.3612,41.62947,-13.9495,-54.88,-372.7
CTT,-0.081,-0.9111052,0.21311912,3.9736019,-1.67365202,0.12,0,0.2,6.778,-16.59,3.074,-70.27971,173.7304,59.98993,128.0322,-171.6272,-120.93966,-94.22513,142.4974,40.27539,-11.303,-53.1145,-353.5
GAA,-0.037,-0.7685037,0.61090644,5.0116825,0.61468524,0.14,0.02,-0.05,6.461,-13.772,2.952,-72.95559,166.667,52.70026,139.3827,-161.5514,-108.10142,-110.0137,160.3939,40.281,-14.6865,-53.725,-347
GAC,-0.013,-0.718455,0.26689178,3.6972881,0.6975804,0.16,0.02,0.11,0.852,-13.817,1.308,-71.27855,164.7819,52.08989,139.955,-174.0813,-113.4988,-97.89885,163.7275,39.29483,-14.3515,-54.5665,-340.7
GAG,0.031,-1.0033803,-0.0504852,5.9466874,-2.0711071,0.13,0.02,0.08,2.037,-11.432,2.895,-72.38791,168.7634,53.19932,138.5493,-163.5996,-110.1337,-100.98748,157.8642,40.99462,-13.8155,-53.3125,-348.9
GAT,-0.11,-0.9234839,0.23560056,3.2210653,2.0441166,0.14,0.03,0.05,-2.528,-14.349,1.729,-71.37843,167.6982,53.14127,137.698,-176.7584,-118.5409,-93.81253,163.4069,38.10749,-13.2125,-54.385,-341.1
GCA,0.076,-0.188711,-0.09525728,3.2233277,-1.29248626,0.05,0.02,0.04,0.748,-4.749,0.903,-71.71319,167.0778,56.04353,134.5763,-158.0821,-114.67776,-100.70394,151.8173,39.52596,-15.6915,-55.177,-346.8
GCC,0.107,-1.4485324,-0.49709728,4.7962765,-1.46383176,0.01,0.01,0.02,-5.883,-11.01,0.023,-69.48049,178.7212,54.74039,135.6471,-168.4363,-117.71431,-96.44014,154.6883,39.7283,-17.065,-54.7645,-341.8
GCG,-0.077,-1.1549169,0.27420512,2.3011008,-5.8930046,0.02,0.02,0.14,0.758,-5.253,0.617,-70.7147,157.3266,54.23927,135.9564,-157.9876,-117.10146,-103.09276,153.1155,40.23036,-17.333,-56.2,-345.6
GCT,0.017,-1.369499,-0.10720396,4.3560665,-1.68024376,0.03,0,0.21,-2.06,-11.018,0.272,-70.78014,157.0168,54.26578,136.5962,-171.4599,-122.6333,-91.71548,156.129,39.32331,-14.9545,-54.946,-334.5
GGA,0.013,-1.0098762,0.46563076,4.4367153,1.3629436,0.06,0.03,-0.05,7.583,-6.549,0.978,-75.65832,159.6682,53.53038,140.354,-150.959,-110.20313,-124.8596,158.8395,41.77758,-16.8975,-53.461,-338.4
GGC,0.107,-1.2021839,0.15593288,5.6364142,1.8937323,0.01,0.01,0.02,-5.883,-11.01,0.023,-71.27578,179.0398,50.65774,137.8057,-172.1409,-117.54566,-98.73699,158.4303,40.99451,-17.065,-54.7645,-341.8
GGG,-0.012,-1.3420476,0.11727228,3.5625787,0.22659658,0.04,0.03,0.08,8.615,-4.807,0.466,-73.31881,156.8718,51.81804,140.6972,-160.8712,-112.90131,-112.0115,162.1888,40.74947,-17.4,-52.9495,-329.4
GGT,-0.032,-1.2992505,-0.32719082,3.6509516,3.55669118,-0.02,0.03,-0.07,-10.947,-11.906,1.192,-69.02453,179.8953,51.44114,133.4342,-176.7691,-123.31888,-98.32631,152.7012,40.77534,-16.931,-53.7415,-347.9
GTA,0.025,-0.7073746,-0.68193416,4.1899233,-0.68012758,0.16,0.03,0.05,0.582,-7.203,2.297,-69.14641,176.6864,55.2287,130.8144,-158.2503,-113.36477,-114.33759,142.5552,41.94341,-13.38,-54.7315,-347.2
GTC,-0.013,-1.0735389,0.33681624,4.2203104,0.92515622,0.16,0.02,0.11,0.852,-13.817,1.308,-71.31109,173.1035,55.09976,130.7123,-169.1248,-122.71347,-92.72392,147.7306,39.80224,-14.3515,-54.5665,-340.7
GTG,0.04,-1.4496348,-0.2861412,4.1798662,-0.93054864,0.11,0.01,0.06,1.972,-10.956,2.378,-69.74291,171.2738,55.79646,134.0348,-162.7963,-111.18406,-99.65859,148.4556,41.53186,-13.8155,-54.9625,-356.3
GTT,-0.205,-1.6274401,-0.49741008,4.0167657,0.00932306,0.17,0.02,0.18,7.451,-15.554,1.772,-67.17549,181.83,54.9955,130.3422,-172.4672,-117.70994,-94.61856,146.6567,39.55924,-12.1405,-54.715,-347.3
TAA,0.068,-0.5891337,0.19710904,2.6925145,3.43238594,0.12,0.03,-0.03,3.807,-8.792,4.75,-73.8298,171.1108,52.09669,136.7505,-145.4192,-99.04675,-127.48369,148.8994,44.39025,-11.2025,-53.4775,-348.8
TAC,0.025,-1.2970366,-0.4325117,4.6549068,2.83195768,0.16,0.03,0.05,0.582,-7.203,2.297,-73.04409,166.4918,52.72962,138.5066,-152.9475,-107.75626,-131.23463,154.9161,42.74206,-13.38,-54.7315,-347.2
TAG,0.09,-0.9560889,0.1022042,2.2593566,1.49532252,0.14,0.04,0.12,5.262,-8.449,3.275,-72.95214,162.6974,52.75679,140.0267,-156.0163,-105.70395,-115.76461,161.5599,40.6057,-12.9445,-54.352,-356.8
TAT,0.182,-1.1920846,0.1273532,5.526572,-0.91169932,0.11,0.04,0.09,-7.199,-5.22,2.647,-72.2712,168.346,54.59951,134.119,-169.9995,-114.04671,-99.64867,155.6258,39.47914,-10.901,-53.8735,-355.8
TCA,0.194,-0.695573,-0.39499414,4.7452281,-0.63643518,0.06,0.04,0.03,6.259,-2.92,1.541,-73.4782,165.4535,60.50698,128.2705,-152.8437,-113.18865,-113.97629,139.36,41.63021,-14.653,-54.1705,-349
TCC,0.013,-0.5704695,-0.2310935,4.3356063,4.23235716,0.06,0.03,-0.05,7.583,-6.549,0.978,-69.23073,172.7134,60.4034,126.6002,-174.8959,-118.7532,-94.94647,140.6348,39.90285,-16.8975,-53.461,-338.4
TCG,-0.003,-0.2941598,-0.45239948,2.8496179,-4.60666776,0.02,0.03,0.01,7.199,-4.796,1.437,-72.15916,166.4724,61.75978,132.3796,-156.6651,-116.02958,-98.19773,148.1357,39.72145,-15.4235,-54.715,-351.3
TCT,0.027,-0.978713,0.25715406,7.1764188,-2.89024464,0.08,0.04,0.1,10.641,-7.812,1.13,-69.7703,169.912,57.10895,128.886,-168.4331,-115.86763,-95.39386,143.243,40.78708,-14.5525,-53.329,-342
TGA,0.194,-0.4712127,-0.37868018,4.4274701,2.89650554,0.06,0.04,0.03,6.259,-2.92,1.541,-75.86269,168.056,52.57525,140.2767,-129.3563,-95.84216,-173.33207,151.3872,45.31072,-14.653,-54.1705,-349
TGC,0.076,-0.7496158,0.02489902,6.9338476,2.01893312,0.05,0.02,0.04,0.748,-4.749,0.903,-73.81826,166.822,51.40444,139.3444,-137.7811,-102.83341,-162.10302,150.0677,46.22601,-15.6915,-55.177,-346.8
TGG,-0.246,-0.9951993,0.38876114,4.7092926,-0.8235207,0,0.02,0.03,6.91,-3.042,1.037,-74.59654,166.5526,51.99927,140.4398,-147.9884,-102.55304,-130.09656,157.8428,42.45471,-14.117,-53.2135,-348
TGT,-0.006,-0.6252035,0.05748456,1.7860785,-1.33558316,0.02,0.05,0.03,-8.326,-2.805,1.619,-73.07206,172.7914,50.43681,134.313,-154.2979,-110.16356,-133.0427,148.374,43.48592,-14.4855,-54.4345,-351.6
TTA,0.068,-0.1525284,-0.18089556,5.0662926,-2.50793016,0.12,0.03,-0.03,3.807,-8.792,4.75,-70.82652,170.7855,56.04268,130.3082,-147.7094,-106.37027,-135.48549,138.6459,43.43792,-11.2025,-53.4775,-348.8
TTC,-0.037,-0.718455,0.26689178,3.6972881,0.6975804,0.14,0.02,-0.05,6.461,-13.772,2.952,-69.04882,177.6808,55.49946,133.4914,-169.028,-113.93899,-104.85541,148.0774,41.65891,-14.6865,-53.725,-347
TTG,0.015,-0.6715306,-0.28856814,6.8809009,-4.91902518,0.1,0.01,-0.04,8.302,-8.669,3.613,-69.0259,172.5745,56.70195,124.1356,-161.4962,-113.21744,-98.21623,133.3698,40.89107,-13.447,-54.121,-351.5
TTT,-0.274,-1.3420476,0.11727228,3.5625787,0.22659658,0.15,0.01,-0.02,4.748,-15.635,2.561,-71.46832,175.5773,53.11207,132.1739,-162.4267,-115.75541,-103.00067,146.782,41.54555,-10.9345,-53.626,-347.8