"Organism_Name","Dataset","Known_Log_Lifespan","Predicted_Log_Lifespan_Model_Averaging","Predicted_Log_Lifespan_Bagging"
"Angiostrongylus costaricensis","Train",5.21194215080129,6.32269773634052,6.3830624603396
"Dirofilaria repens","Train",7.8835217376514,6.21843072923514,6.17803588189944
"Nippostrongylus brasiliensis","Train",5.78048628116713,5.86780426314401,5.87312653323402
"Caenorhabditis brenneri","Train",3.76120011569356,4.10198357143401,4.10287514650954
"Ancylostoma caninum","Train",6.70410793547343,6.04327930459912,6.01830946025215
"Teladorsagia circumcincta","Train",5.67482557456854,6.33048982584946,6.33480271204702
"Caenorhabditis nigoni","Train",2.89037175789616,3.70838203594338,3.73665339112463
"Dipetalonema caudispina","Train",6.5402721363268,6.80857670098182,6.8133254661729
"Trichinella zimbabwensis","Train",4.0943445622221,7.20037952409387,7.37571138936331
"Pelodera strongyloides","Train",2.7408400239252,6.59928664577665,6.72385467127858
"Acanthocheilonema viteae","Train",6.59331846922154,6.88085872034991,6.89057633891804
"Pristionchus arcanus","Train",4.38202663467388,5.21360193882421,5.23591536797543
"Wuchereria bancrofti","Train",8.55576615886602,6.7971395791478,6.76630666104159
"Dirofilaria immitis","Train",7.82768936577109,6.25896145840911,6.21343898904767
"Pristionchus exspectatus","Train",4.93087032562739,5.25993763410279,5.27096780722776
"Brugia pahangi","Train",7.57872586661801,6.87252484038704,6.85143136577478
"Caenorhabditis monodelphis","Train",2.99573227355399,5.06800284792212,5.09966944545115
"Caenorhabditis angaria","Train",3.17805383034795,4.75644140541237,4.82596894112882
"Dracunculus medinensis","Train",6.15006957728462,5.07471273495669,5.00734716979597
"Onchocerca volvulus","Train",8.26176531449379,6.37785138635582,6.32513012432928
"Poikilolaimus oxycercus","Train",4.81218435537242,5.41114898901575,5.4307951213198
"Strongylus vulgaris","Train",7.79821525082177,5.86548326811705,5.83536935089959
"Cercopithifilaria johnstoni","Train",6.35415262586009,6.82193453674994,6.83755895774516
"Angiostrongylus vasorum","Train",7.13651900747213,6.34925503619182,6.32642252475272
"Oscheius dolichura","Train",3.78191432008113,5.07238182603588,5.08472956419237
"Toxascaris leonina","Train",6.05336286730848,6.9830185590349,7.01121717272396
"Brugia timori","Train",7.8739783796045,6.88196954511843,6.85895622043035
"Caenorhabditis macrosperma","Train",2.56494935746154,3.94273444404335,4.00618945546161
"Pristionchus mayeri","Train",4.34380542185368,5.3594913498804,5.42266877644519
"Haemonchus contortus","Train",6.72035417643148,5.96605749210878,5.93269992272259
"Cooperia oncophora","Train",6.03588007721808,6.2441102726395,6.25478334067028
"Radopholus similis","Train",5.11223876107712,5.7984602588826,5.82187939940146
"Oscheius tipulae","Train",3.25809653802148,4.30136030817432,4.35002119252322
"Auanema rhodensis","Train",2.39789527279837,5.82403601194524,5.90080235394539
"Haemonchus placei","Train",5.1662135259147,6.01747175012136,6.02220954749122
"Onchocerca lupi","Train",8.04928336862708,6.40587002266772,6.34686405152435
"Panagrellus redivivus","Train",3.48966602964976,4.05959663698348,4.10803438986262
"Necator americanus","Train",8.43451182029693,6.06249110340791,6.02345033155856
"Brugia malayi","Train",7.89256597053808,6.90461649881541,6.8861466529145
"Lepidochitona cinerea","Train",7.03933163677086,6.91597415586257,6.91405953554698
"Katharina tunicata","Train",8.73311069763871,7.38175467448158,7.37866818173438
"Acanthopleura granulata","Train",7.63523343305301,7.96180811273676,7.96461747838266
"Cryptochiton stelleri","Train",9.20800431221205,7.30431773811157,7.30013566045952
"Linyphia triangularis","Train",5.57831372945503,5.78741189882322,5.78311478146846
"Trichonephila clavipes","Train",5.89989735358249,6.10573198474953,6.11187632835527
"Larinioides sclopetarius","Train",6.38856140554563,5.99230466888127,5.98211870888583
"Acanthoscurria geniculata","Train",8.15794350710504,8.15818441147586,8.17197660110091
"Ascarosepion bandense","Train",5.61221528113071,5.86462146165605,5.86549025045514
"Eumandya parva","Train",4.5136029924626,5.14883359463018,5.14151270609493
"Sepiola atlantica","Train",5.71757579689813,5.17953165609702,5.17428615306465
"Acanthosepion lycidas","Train",5.89989735358249,5.91754016883161,5.91820643837062
"Acanthosepion esculentum","Train",5.89989735358249,5.93885167396843,5.93422425560579
"Cryptolaemus montrouzieri","Train",4.40317639339662,5.69992902143181,5.71399205094072
"Rhyzopertha dominica","Train",5.24438902452248,6.56392481555485,6.5970881009766
"Dalotia coriaria","Train",4.23338160423931,5.33837648340177,5.39356797057157
"Plagiodera versicolora","Train",3.76375498875904,6.03111032037096,6.05430020266835
"Dastarcus helophoroides","Train",7.31115158192119,5.37346304646992,5.32949193517914
"Adalia bipunctata","Train",4.30985908637182,5.69714300129636,5.71827545845693
"Coccinella septempunctata","Train",4.23815626425418,5.74777849179574,5.76620356493503
"Dirona pellucida","Train",5.89989735358249,6.66921967150593,6.67234696642986
"Doris verrucosa","Train",5.89989735358249,6.27462479822654,6.2855184942326
"Goniobranchus kuniei","Train",5.89989735358249,6.77448470526656,6.79666459608991
"Ancula gibbosa","Train",4.80128506518835,6.01844090212187,6.03596194916932
"Plocamopherus tilesii","Train",4.69134788222914,6.49363251546685,6.53104913025078
"Plocamopherus ceylonicus","Train",5.89989735358249,5.95061255874356,5.9487193130827
"Melibe bucephala","Train",5.89989735358249,6.48390572811359,6.49038286457886
"Plocamopherus imperialis","Train",4.49980967033027,6.57791407249031,6.6238787200422
"Goniobranchus fidelis","Train",3.97029191355212,6.57305260198732,6.63040157275979
"Hermissenda crassicornis","Train",5.07517381523383,6.70724081619634,6.75827044729
"Berghia stephanieae","Train",6.30536246169066,6.70791223524956,6.70436694640425
"Goniobranchus leopardus","Train",5.89989735358249,6.93870901527627,6.96989157996671
"Scyllaea pelagica","Train",5.89989735358249,6.74867376401131,6.76659305573719
"Lomanotus vermiformis","Train",5.89989735358249,6.45706349934633,6.47267763579602
"Doris montereyensis","Train",5.66628250228563,6.51719876355792,6.5366184157446
"Tritonia festiva","Train",5.89989735358249,6.92436532789782,6.94704495230914
"Melibe viridis","Train",4.85203026391962,6.4285401820646,6.44369072156322
"Dendronotus rufus","Train",5.89989735358249,6.30656428814791,6.31370536260767
"Arctonoe vittata","Train",7.28619171470238,6.49886892734032,6.47783225631081
"Platynereis dumerilii","Train",6.30536246169066,7.53075748668049,7.54507747483598
"Sthenelais limicola","Train",6.9985096422506,6.42792482090104,6.41353837920848
"Pollicipes pollicipes","Train",7.69165682281055,7.42973499917884,7.37919098316897
"Semibalanus balanoides","Train",7.8458075026378,7.43433022385449,7.40176822151602
"Semibalanus cariosus","Train",8.6079475546847,7.37657708959535,7.28862527097239
"Tetraclita rubescens","Train",7.28619171470238,7.34231301154585,7.3442413522449
"Amphibalanus improvisus","Train",6.9985096422506,6.98955823489826,6.98256805147271
"Balanus glandula","Train",8.20248244657654,7.29130604442024,7.20165746234322
"Octopus sinensis","Train",6.18757942610277,6.27178294841424,6.26090244779479
"Muusoctopus longibrachus","Train",7.28619171470238,6.51575253086435,6.50568963647032
"Octopus insularis","Train",5.14749447681345,6.27756270474384,6.30850441685929
"Japetella diaphana","Train",7.69302574841789,6.48362866325194,6.4596238292479
"Amphioctopus burryi","Train",5.71757579689813,6.41527045474045,6.43070799551935
"Octopus rubescens","Train",6.71082756979882,6.37384812571744,6.37056042323296
"Octopus vulgaris","Train",6.50603315720262,6.37249484525609,6.37843268490807
"Octopus americanus","Train",5.87493073085203,6.23194290743977,6.23312351497367
"Biomphalaria sudanica","Train",5.70711026474888,5.98076332124427,5.98430619994494
"Anisus vortex","Train",5.97994006134033,6.23045039724792,6.23594466882119
"Omphiscola glabra","Train",6.24820404778624,6.243049217747,6.24134179640579
"Radix auricularia","Train",6.59304453414244,6.07564432382762,6.06362599684267
"Lymnaea stagnalis","Train",6.65294367126299,6.22564904405379,6.22781114694845
"Biomphalaria straminea","Train",5.68289926373978,6.12946498352473,6.13406544997235
"Physella acuta","Train",5.78857578494251,6.286773971504,6.28497550961264
"Tegillarca granosa","Train",7.50747966435633,6.82524224789299,6.8130750988249
"Stramonita haemastoma","Train",7.69165682281055,8.85225126707011,8.88741837281475
"Rapana venosa","Train",8.41220297763265,8.2655412228087,8.27220571015425
"Urosalpinx cinerea","Train",7.50933526601659,8.4761054711803,8.52417448193972
"Anentome helena","Train",7.40397475035877,8.38564237020877,8.4144678065382
"Stewartia floridana","Train",7.69165682281055,7.14191388079944,7.13729384253612
"Stomoxys calcitrans","Train",3.97029191355212,6.02753613730524,6.07404146691252
"Drosophila melanogaster","Train",4.24333911489999,6.02763323101775,6.11246791506634
"Scathophaga stercoraria","Train",4.0854719837185,5.40095531959512,5.44014959283487
"Coboldia fuscipes","Train",3.27374272630904,6.58994086974867,6.62743364172648
"Megaselia scalaris","Train",4.0990003737583,4.92701322409328,4.93550715248888
"Drosophila suzukii","Train",4.58292457704077,5.98948288071666,6.06770607856981
"Ceratitis capitata","Train",4.59814557105113,5.78428395194283,5.82381047959889
"Calliphora vicina","Train",4.76174649303019,5.58085012188325,5.61455440245571
"Bradysia odoriphaga","Train",3.39484390768998,5.37732620729401,5.44337189161783
"Encarsia formosa","Train",3.9982007016692,5.65816984830837,5.6880832486424
"Anthophora plumipes","Train",2.63905732961526,5.92499864269967,6.00280274367085
"Brachymeria lasus","Train",4.2060350015748,5.49129772481282,5.51696416491071
"Diadegma semiclausum","Train",4.08933202039856,5.1799831662335,5.24024631693316
"Prorops nasuta","Train",4.26969744969996,6.13960045203706,6.16924710768766
"Diadegma fenestrale","Train",3.15700042115011,4.55127833468188,4.61595774232888
"Diplazon laetatorius","Train",4.25561270981822,4.65405450804023,4.69393681610618
"Phyllaplysia taylori","Train",5.61221528113071,7.24577615440675,7.26632711112744
"Aporrectodea caliginosa","Train",6.9985096422506,7.52708794427492,7.5370678015948
"Lumbricus rubellus","Train",6.9985096422506,7.25402171085476,7.26183972143256
"Lumbricus terrestris","Train",7.94285962639387,7.27466051052693,7.27312471372052
"Eudrilus eugeniae","Train",6.9985096422506,8.04130479244855,8.08050458231723
"Ceratozetes gracilis","Train",8.46168048148598,6.1600484981998,6.10194337734111
"Archegozetes longisetosus","Train",5.63478960316925,5.60458501907808,5.58967787452271
"Nothrus silvestris","Train",5.39816270151775,5.64889097776667,5.66983611964213
"Steganacarus magnus","Train",6.9985096422506,6.18447234857156,6.13967070414568
"Fuscozetes fuscipes","Train",3.25809653802148,5.72628998902144,5.79062922784931
"Phthiracarus laevigatus","Train",5.12989871492307,5.65215137049462,5.67822245455102
"Architeuthis dux","Train",7.72743755990257,5.93090410504639,5.9119245962387
"Onykia robusta","Train",6.25382881157547,6.1080279621165,6.11109280359771
"Watasenia scintillans","Train",5.97994006134033,5.62302166760863,5.59234394179271
"Mytilus edulis","Train",8.5229543418734,6.85076192740132,6.83858962989907
"Mytilus californianus","Train",8.46484671104403,6.90180096871978,6.88657372365769
"Limnoperna fortunei","Train",7.22528296181392,6.96429318970941,6.97115007007017
"Mytilus coruscus","Train",9.0917445061003,6.83376256503465,6.79085853723883
"Mytilus trossulus","Train",7.93677928072441,6.77097232810965,6.74153716257081
"Geukensia granosissima","Train",8.79026911147866,7.49597028406115,7.45932903205612
"Perna viridis","Train",7.26158590397818,7.05194974559724,7.05596836073545
"Armandia brevis","Train",3.73766961828337,6.4341656622372,6.47855661426001
"Arenicola marina","Train",7.50933526601659,7.28926134874974,7.2901108649902
"Argopecten irradians concentricus","Train",6.54321216041056,6.85026932389753,6.8574376227399
"Pecten maximus","Train",8.81766808566677,6.97956523946895,6.95959429854454
"Mizuhopecten yessoensis","Train",8.52353021281534,7.09344423696888,7.07200414732211
"Mimachlamys varia","Train",7.50933526601659,7.10998890086154,7.11796820200452
"Crassadoma gigantea","Train",8.89562962713648,7.74491999926587,7.74769545540505
"Argopecten irradians irradians","Train",6.59304453414244,6.87771936826924,6.88973823880244
"Ariolimax columbianus","Train",7.50933526601659,7.20891351914011,7.20823993735991
"Cornu aspersum","Train",7.65187278495577,7.60276616861292,7.59185467888663
"Cepaea nemoralis","Train",7.81681996576455,7.57483738775893,7.57558244556205
"Euhadra peliomphala","Train",6.81618808545665,8.25171537617992,8.29158246034626
"Arion vulgaris","Train",6.58008419831399,7.05839935383026,7.06100693246884
"Candidula unifasciata","Train",5.89989735358249,7.65768877868264,7.68180940512641
"Asellus aquaticus","Train",5.96052197539893,5.88186921655047,5.87124794295126
"Armadillidium vulgare","Train",6.59304453414244,6.2568838734994,6.24434705885698
"Porcellio scaber","Train",6.9985096422506,5.7153889540024,5.663605784205
"Idotea baltica","Train",6.05404803333147,5.61634093371067,5.59577873329164
"Homarus americanus","Train",9.39640491504897,8.1516794023827,8.13513362477772
"Portunus pelagicus","Train",6.59304453414244,8.55450309905735,8.62418873801655
"Cherax quadricarinatus","Train",7.50933526601659,8.01602735459589,8.02784462837665
"Macrobrachium rosenbergii","Train",6.9985096422506,7.30620242670016,7.31302876270449
"Neocaridina denticulata","Train",6.2363695902037,7.31447314935039,7.32298692363806
"Caridina multidentata","Train",7.69165682281055,7.30238650811963,7.29894741933968
"Homarus gammarus","Train",9.58877680769643,8.2480521121392,8.22908587500651
"Eriocheir sinensis","Train",5.89989735358249,7.14480606291324,7.22754338822981
"Pandalus borealis","Train",8.05938160283049,7.14379067441513,7.14289064805857
"Penaeus monodon","Train",6.59304453414244,6.87305221852959,6.87862972154358
"Paralithodes platypus","Train",9.63756697186586,7.54850991471834,7.47054971081817
"Cherax destructor","Train",7.69165682281055,7.90051907140353,7.90552034059575
"Paralithodes camtschaticus","Train",8.89562962713648,7.79550595348027,7.77113496671505
"Panulirus cygnus","Train",9.19573421958682,7.9461634050869,7.94712435250556
"Penaeus indicus","Train",6.85540879860993,6.82748379775092,6.83190442222399
"Pyrgus malvae","Train",5.85386775909354,6.18943058512265,6.19880184261986
"Vanessa atalanta","Train",4.53796143629464,5.64441093416216,5.66083156863248
"Polyommatus icarus","Train",4.27458061252503,5.90623909266892,5.9286411249268
"Hofmannophila pseudospretella","Train",4.78832472908594,5.94247742061648,5.93776076512627
"Thymelicus sylvestris","Train",5.85220247977447,6.20957269614459,6.2123929630075
"Lasiommata megera","Train",4.07295066953443,6.07847423912028,6.10248404783865
"Melanargia galathea","Train",5.94484452647276,5.92800910457908,5.9312562776802
"Danaus plexippus","Train",4.24606371685794,5.83768963815002,5.85099514085911
"Boloria selene","Train",5.85936070647464,5.77128446092643,5.77116859512408
"Phthorimaea operculella","Train",3.7864597824528,6.1316537344397,6.15284275880945
"Boloria euphrosyne","Train",5.89715386763674,5.69131722826778,5.68591970960983
"Maniola jurtina","Train",5.71663288663502,6.09250022233959,6.09498590714818
"Thymelicus lineola","Train",4.71849887129509,6.30346634579922,6.30997935301865
"Pectinophora gossypiella","Train",3.97330623384504,6.41476924632902,6.45067995381013
"Erebia aethiops","Train",5.90126627918983,6.05518708793632,6.06363820249306
"Plodia interpunctella","Train",3.39114704580865,6.16943921416219,6.19506258994539
"Erebia epiphron","Train",5.76315140646303,6.11677866315152,6.12612061984239
"Leptidea sinapis","Train",5.29606483149474,6.14002355521481,6.13550369215982
"Satyrium pruni","Train",3.85014760171006,5.91608120013629,5.95225686215978
"Lampides boeticus","Train",4.1026433650368,5.99068841802965,6.01217295243107
"Trichoplusia ni","Train",3.56104608260405,6.19673247459165,6.2317753322405
"Celastrina argiolus","Train",4.08597631255158,5.79322051776677,5.80368761406765
"Caprella mutica","Train",6.21835108470103,6.09329120662194,6.09894464115357
"Hyalella azteca","Train",5.22035582507832,6.75283555324137,6.7801516808799
"Sinonovacula constricta","Train",7.50933526601659,7.07612571163174,7.0752608912811
"Tridacna crocea","Train",9.82516558558041,6.9512917045896,6.9213095894659
"Hippopus hippopus","Train",9.58877680769643,7.15570187367165,7.12930618011045
"Clinocardium nuttallii","Train",8.20746998808758,7.40358079924256,7.40975279115374
"Nuttallia obscurata","Train",8.49016451909681,8.00764770417604,8.00675923492894
"Fragum fragum","Train",7.28619171470238,6.84835345124852,6.84366202206381
"Tridacna gigas","Train",10.6302306826052,7.24085916219443,7.20477237331488
"Cerastoderma edule","Train",8.0140954733193,6.83606037940026,6.83364149536297
"Limacina bulimoides","Train",5.76636596095797,7.01038800430415,7.02562127693453
"Dreissena polymorpha","Train",7.9036270734035,7.21226202678448,7.20599411974002
"Congeria kusceri","Train",9.56345899971214,7.3477299868412,7.33461956371771
"Mya arenaria","Train",8.67906163165174,7.02496598442679,7.02276570376579
"Saxidomus gigantea","Train",8.84433633274893,8.17960515517717,8.17098969821891
"Mactromeris polynyma","Train",9.77703309976703,7.19688818159872,7.16045802341785
"Saxidomus purpurata","Train",8.67248607582227,7.29367979447254,7.28683023811358
"Ruditapes philippinarum","Train",8.4852524746673,7.01544317056822,6.99925322749123
"Mercenaria mercenaria","Train",9.37393205891388,7.25000592840591,7.25238017751655
"Spisula solida","Train",7.91480037412476,7.17264226674619,7.18544185305007
"Magallana hongkongensis","Train",8.20248244657654,6.77001723975487,6.76167142334465
"Crassostrea gasar","Train",7.47336260574711,6.85996880833645,6.85818655544048
"Ostrea edulis","Train",8.20248244657654,7.3070099836444,7.30715164066549
"Magallana gigas","Train",7.65775527113487,6.8154639999386,6.80231080133759
"Saccostrea glomerata","Train",7.91480037412476,6.8451493497209,6.8455383602829
"Crassostrea nippona","Train",7.91480037412476,6.89955405613472,6.89317279105437
"Crassostrea ariakensis","Train",8.46484671104403,6.77592396421269,6.7633367098208
"Ostrea denselamellosa","Train",7.69165682281055,7.31043696640576,7.31973714504446
"Tachypodoiulus niger","Train",8.09712193091871,6.25609833213993,6.24661083562566
"Nemasoma varicorne","Train",6.9985096422506,5.9943014685587,5.96441845312466
"Ophyiulus pilosus","Train",6.9985096422506,6.07457414355309,6.06452046616046
"Proteroiulus fuscus","Train",8.09712193091871,6.3343799865364,6.32116081141445
"Notodromas monacha","Train",3.55534806148941,6.8712973463523,7.06907963931334
"Panopea generosa","Train",10.7902464818042,7.2623705944594,7.25326960455012
"Diodora aspera","Train",8.89562962713648,7.89870638713994,7.89012294774428
"Haliotis cracherodii","Train",9.30109473524465,7.68386623995642,7.67871524248515
"Haliotis rufescens","Train",9.64940142951286,7.70323922591875,7.67265748859071
"Haliotis rubra","Train",8.76209823451196,7.76730892363319,7.74907878182136
"Hymenolepis diminuta","Train",8.51837249576343,5.33912675477094,5.24293360662175
"Hymenolepis microstoma","Train",6.89132097251871,5.31759923257677,5.28231217474009
"Taenia saginata","Train",9.14123142232385,6.21887607270218,6.1285901683141
"Taenia hydatigena","Train",6.30134019526675,6.2028647956744,6.19768053817814
"Taenia asiatica","Train",9.21576687185727,6.26555993474191,6.18196995355321
"Taenia solium","Train",8.45939457268886,6.29443098165461,6.2601315806144
"Rodentolepis nana","Train",4.19469253600613,5.27857394418794,5.27955797928581
"Doryteuthis pealeii","Train",5.89989735358249,5.75234014413736,5.75793451674828
"Elysia crispata","Train",6.50603315720262,6.52962689380792,6.54091184945608
"Elysia chlorotica","Train",6.1450198116393,6.66278687746448,6.66190945535304
"Elysia marginata","Train",5.59842195899838,6.35826289094255,6.38242705633345
"Piscicola geometra","Train",5.67675380226828,6.04880879507238,6.04991522755067
"Hirudinaria manillensis","Train",7.97933889526233,6.30847918838291,6.30267448380155
"Hirudo verbana","Train",6.9985096422506,6.44847802793895,6.44541129792644
"Erpobdella octoculata","Train",6.70685307519067,6.4348338825533,6.43280692834171
"Hydroides elegans","Train",5.71757579689813,5.88883095334547,5.88992932759962
"Ridgeia piscesae","Train",8.89562962713648,7.85062530122136,7.82656795947957
"Escarpia spicata","Train",11.4213582714447,8.032637527819,7.94730425118121
"Sabella spallanzanii","Train",7.50933526601659,7.47999449285528,7.4769652571466
"Stenchaetothrips biformis","Train",3.0521126069901,6.37370418714127,6.44839180978526
"Frankliniella fusca","Train",3.57878553131686,6.30716278628732,6.35400145650884
"Helobdella robusta","Train",5.80211837537706,5.75888285368085,5.76041034228497
"Pomacea canaliculata","Train",7.03633659303325,7.26370241629651,7.25390781993387
"Marisa cornuarietis","Train",6.2803958389602,7.14869736959291,7.15434650034144
"Lanistes nyassanus","Train",8.20248244657654,7.55766876732066,7.55382597019586
"Lepeophtheirus salmonis","Train",5.36058769227416,5.30635628731121,5.28897827535992
"Oithona nana","Train",3.73766961828337,6.01791251162731,6.13326136796496
"Schistocephalus solidus","Train",5.98811519428283,5.44101482263671,5.428823381376
"Spirometra erinaceieuropaei","Train",8.55997965510279,5.33831671266985,5.22711846202834
"Tachypleus tridentatus","Train",8.6079475546847,7.34603878169923,7.32525487309294
"Limulus polyphemus","Train",8.85740841431628,7.18449322554201,7.15799158005241
"Lithobius mutabilis","Train",7.50933526601659,6.99772579853653,6.98795410524905
"Loa loa","Train",8.45004326352216,6.84609556439534,6.82745619980297
"Mansonella perstans","Train",8.36201198077445,6.5549993880205,6.52101257209955
"Litomosoides sigmodontis","Train",6.32965405836869,7.26556925088967,7.2931545098602
"Mansonella ozzardi","Train",7.64987117919811,6.63081962390737,6.61181258331759
"Monoplex corrugatus","Train",7.31696337336914,8.82987305171914,8.91798548783693
"Littorina saxatilis","Train",7.80117534852609,7.79834598338508,7.79929783264803
"Potamopyrgus estuarinus","Train",5.89989735358249,7.72928274412351,7.75282217170942
"Lottia scabra","Train",8.02016088989217,6.6042042594082,6.59481303196965
"Macrostomum lignano","Train",6.44141161062103,5.47057343762369,5.08738553872404
"Sipha flava","Train",3.76120011569356,5.49459081628845,5.56917524321373
"Magicicada cassini","Train",8.73311069763871,8.43719874931143,8.45658012191547
"Venustaconcha ellipsiformis","Train",8.6079475546847,7.44979040269195,7.44285954016751
"Margaritifera margaritifera","Train",10.8835039752908,7.19457229526751,7.17140647975544
"Unio pictorum","Train",8.53537686184987,7.15070971962119,7.13884655591198
"Megalonaias nervosa","Train",9.70655984335281,7.51340225618903,7.47617420563446
"Watersipora subatra","Train",5.49443224533734,7.1592919877733,7.18011444275306
"Mermis nigrescens","Train",6.67203294546107,5.54269990346261,5.52500902475284
"Ornithodoros moubata","Train",8.3422443889517,7.17474140036769,7.15264299651368
"Patella caerulea","Train",7.44034239433395,6.71933623533176,6.71309119418869
"Patella pellucida","Train",5.89989735358249,6.62496567317463,6.62844384174437
"Patella ulyssiponensis","Train",8.6079475546847,6.74457286888033,6.72401989043748
"Patella depressa","Train",7.63449840880944,6.7085427771235,6.70581956840637
"Phorcus lineatus","Train",8.50258703902688,6.79052274767911,6.78668483433693
"Pinctada imbricata","Train",7.69165682281055,6.82368282069754,6.80892521858584
"Pinna nobilis","Train",9.14248970506801,7.44238522458095,7.43962549100744
"Pinctada margaritifera","Train",7.60464544582092,7.05817847846422,7.05668741667133
"Pteria penguin","Train",7.24797050188218,6.89702631137426,6.89520928672398
"Polydesmus angustus","Train",6.59304453414244,5.98404602885473,5.96708533636046
"Tetranychus urticae","Train",3.91202300542815,5.62009456804189,5.66614028004743
"Tetranychus truncatus","Train",3.87120101090789,5.50039761226311,5.54601799063623
"Bullina lineata","Train",3.85014760171006,6.93927389636229,6.9777968964455
"Centruroides vittatus","Train",7.28619171470238,5.87669425853636,5.83085310462037
"Cloeon dipterum","Train",5.46221877555548,6.01230373800975,6.04952512566461
"Cordylochernes scorpioides","Train",5.89989735358249,6.3524318504633,6.35253054661109
"Ctenocephalides felis","Train",6.9985096422506,5.64058802630614,5.59218103400307
"Dimorphilus gyrociliatus","Train",4.69134788222914,5.18534874156179,5.18123256256686
"Echinomermella matsi","Train",6.59304453414244,4.69063888654134,4.59395194234574
"Enchytraeus crypticus","Train",5.91350300563827,7.35723380629224,7.40593235620768
"Glomeris marginata","Train",8.20248244657654,6.3648527549743,6.33331711309606
"Glyphotaelius pellucidus","Train",5.81288597649324,5.68676230851686,5.68655582763174
"Gyrodactylus salaris","Train",4.06044301054642,4.36958499305946,4.34155955998515
"Hermodice carunculata","Train",8.09712193091871,8.35847527907303,8.35624473135004
"Ischnura elegans","Train",4.23410650459726,6.97033625197086,7.02496434260818
"Leuctra nigra","Train",6.59304453414244,6.66074542450187,6.6629466112498
"Lingula anatina","Train",7.97933889526233,7.33990401962442,7.33871444843438
"Liposcelis bostrychophila","Train",5.52146091786225,5.39461532386398,5.39976447851806
"Meganyctiphanes norvegica","Train",6.59304453414244,6.90571188455591,6.89940289071717
"Nautilus pompilius","Train",8.7525287835485,6.75678933867314,6.71950670342221
"Onchidella celtica","Train",6.9985096422506,7.36932625180982,7.37530457854658
"Oratosquilla oratoria","Train",7.28619171470238,7.80008298548657,7.81483453708348
"Prionchulus punctatus","Train",5.29831736654804,4.03775844103513,3.90292496449858
"Protopolystoma xenopodis","Train",6.41236546329128,4.38537367805859,4.30018758164701
"Streblospio benedicti","Train",5.95410876047771,7.01394785927872,7.02425314226642
"Strigamia maritima","Train",7.69165682281055,5.4570942509851,5.41003161988601
"Theodoxus fluviatilis","Train",7.15266032207786,8.1744130934688,8.20690866711985
"Timema cristinae","Train",4.80128506518835,6.74400288987162,6.75562842198747
"Tylodina fungina","Train",5.89989735358249,7.19922839660681,7.22059450829848
"Xipholeptos notoides","Train",5.08017309050687,5.34821710081735,5.3536673409566
"Ancylostoma ceylanicum","Test",5.49306144334055,6.13264366468354,NA
"Ancylostoma duodenale","Test",8.02265093772335,6.12675913058958,NA
"Angiostrongylus cantonensis","Test",6.60276426740772,6.43814226350247,NA
"Aphelenchoides bicaudatus","Test",4.04305126783455,5.90552646334594,NA
"Caenorhabditis inopinata","Test",3.52636052461616,4.3247787381831,NA
"Caenorhabditis tropicalis","Test",3.59731226058845,3.64569175857815,NA
"Enterobius vermicularis","Test",4.20916023665068,6.96901615483723,NA
"Gnathostoma spinigerum","Test",7.73035052672897,6.35982022666254,NA
"Gongylonema pulchrum","Test",7.45654120653452,7.43242290151698,NA
"Heligmosomoides polygyrus bakeri","Test",6.53304970830363,6.13333864827628,NA
"Heligmosomoides polygyrus polygyrus","Test",6.04855351409211,5.98369407928683,NA
"Parelaphostrongylus tenuis","Test",7.7727948208455,5.76322321046552,NA
"Pristionchus entomophagus","Test",3.43398720448515,5.15642068255954,NA
"Thelazia callipaeda","Test",4.45811924327606,6.89426759056293,NA
"Toxocara canis","Test",7.88089882244908,6.86881547385349,NA
"Trichostrongylus colubriformis","Test",5.11799381241676,6.30195676679618,NA
"Turbatrix aceti","Test",4.52828914165213,4.73486295179097,NA
"Tonicella lineata","Test",8.15118915218899,7.45723842541615,NA
"Loxosceles reclusa","Test",7.50933526601659,7.52112615087951,NA
"Acanthosepion pharaonis","Test",6.89281083163015,6.06630543367651,NA
"Euprymna scolopes","Test",5.03911476520214,5.41702439984338,NA
"Agrilus planipennis","Test",5.02539253507116,6.15800099824963,NA
"Diaprepes abbreviatus","Test",6.28002123697042,5.52298243529713,NA
"Sitophilus oryzae","Test",4.82711301672578,5.59724305510671,NA
"Aeolidia papillosa","Test",5.61221528113071,3.77295382453708,NA
"Dendronotus venustus","Test",5.89989735358249,6.1713526836327,NA
"Dirona albolineata","Test",5.20675017302255,6.62610071987832,NA
"Goniobranchus coi","Test",5.89989735358249,6.77270746374086,NA
"Goniobranchus geometricus","Test",4.0943445622221,6.78806991607605,NA
"Melibe leonina","Test",5.89989735358249,6.7949382235092,NA
"Tritonia tetraquetra","Test",5.89989735358249,6.9068246471408,NA
"Alitta virens","Test",7.60464544582092,7.72596560535397,NA
"Amphibalanus amphitrite","Test",7.69165682281055,6.93573575862081,NA
"Sacculina carcini","Test",6.59304453414244,8.24150683353582,NA
"Enteroctopus dofleini","Test",7.17656029566423,6.75223484031607,NA
"Hapalochlaena maculosa","Test",5.36090085300636,6.22635557586074,NA
"Octopus bimaculoides","Test",6.24820404778624,6.35083508663155,NA
"Octopus maya","Test",6.11754638557906,6.30242116288666,NA
"Ampullaceana balthica","Test",5.89989735358249,6.06031491717955,NA
"Biomphalaria glabrata","Test",6.2101481677001,6.01653860332117,NA
"Biomphalaria pfeifferi","Test",6.02623493425346,6.06130803521138,NA
"Anadara kagoshimensis","Test",7.86175115303494,7.12243136570752,NA
"Babylonia areolata","Test",7.69165682281055,8.31324356293477,NA
"Concholepas concholepas","Test",7.8458075026378,9.18407893039279,NA
"Anodontia alba","Test",6.59304453414244,7.22488341829821,NA
"Anopheles sinensis","Test",2.78253905309295,5.55492447354654,NA
"Aphidoletes aphidimyza","Test",4.13516655674236,6.00649736003505,NA
"Bactrocera dorsalis","Test",4.88318063874314,5.91147937936273,NA
"Culex quinquefasciatus","Test",4.5154642729036,5.15190007174666,NA
"Aphidius ervi","Test",2.89037175789616,5.59305289407821,NA
"Arge pagana","Test",3.40982670836021,5.64021117184794,NA
"Goniozus legneri","Test",4.70555836001936,5.69175307720316,NA
"Aplysia californica","Test",5.89989735358249,7.35838205806537,NA
"Eisenia fetida","Test",7.62652553326554,8.11904666205456,NA
"Nothrus palustris","Test",5.86078622346587,5.53786344682169,NA
"Oppiella nova","Test",4.0943445622221,7.57489416881996,NA
"Platynothrus peltifer","Test",6.04263283368238,6.09932908758761,NA
"Thysanoteuthis rhombus","Test",5.7037824746562,6.00895216057227,NA
"Arcuatula senhousia","Test",6.60957383613856,6.75754687520846,NA
"Geukensia demissa","Test",8.65143266656615,7.68025727468689,NA
"Mytilus galloprovincialis","Test",6.94135122873297,6.72927787865461,NA
"Capitella teleta","Test",4.79613483921345,6.20378049251863,NA
"Chlamys rubida","Test",7.69165682281055,7.70603492925317,NA
"Ylistrum balloti","Test",7.17529841759303,7.11686167158417,NA
"Arion ater rufus","Test",6.43052560464466,7.42133237660011,NA
"Cepaea hortensis","Test",7.97933889526233,7.71393329442652,NA
"Ligia exotica","Test",6.40067264149498,6.20867944061688,NA
"Birgus latro","Test",9.99424191580459,8.59011461184492,NA
"Callinectes sapidus","Test",7.97933889526233,8.3068669758959,NA
"Chionoecetes opilio","Test",7.88777170173684,8.0734243719459,NA
"Metacarcinus magister","Test",7.91480037412476,8.14200349139065,NA
"Panulirus argus","Test",9.11877317845069,8.01210186975658,NA
"Penaeus japonicus","Test",6.98452340058456,7.11016825739967,NA
"Procambarus clarkii","Test",7.48230659344102,8.08075689966586,NA
"Carterocephalus palaemon","Test",5.85507192220243,6.33278893889445,NA
"Colias hyale","Test",3.58351893845611,5.93480535756246,NA
"Ephestia kuehniella","Test",4.09384443718042,6.27842494270901,NA
"Helicoverpa zea","Test",3.89934295227077,6.35545509120852,NA
"Heliothis virescens","Test",3.86051916256103,6.40170797293075,NA
"Hesperia comma","Test",4.91507841719804,6.21308419660198,NA
"Pararge aegeria","Test",5.07292128018053,6.09636434370883,NA
"Pieris brassicae","Test",5.29831736654804,5.79047372961094,NA
"Pieris napi","Test",4.12309397550809,5.77170655389972,NA
"Plutella xylostella","Test",3.87452880100057,5.89225980527313,NA
"Phronima sedentaria","Test",5.89989735358249,7.28005703994232,NA
"Macomangulus tenuis","Test",7.81681996576455,7.3836106247074,NA
"Serripes groenlandicus","Test",9.19573421958682,6.75804991841204,NA
"Tridacna derasa","Test",10.043032079974,7.16216696491088,NA
"Clione limacina","Test",6.59304453414244,7.10432166474049,NA
"Dreissena rostriformis","Test",8.51485713155187,7.16385890694795,NA
"Corbicula japonica","Test",8.32764558961112,7.21367718983904,NA
"Cyclina sinensis","Test",7.8458075026378,7.2403921947268,NA
"Spisula subtruncata","Test",7.12807484660524,7.06443256244342,NA
"Crassostrea rhizophorae","Test",7.08926400551907,6.9232233862163,NA
"Crassostrea virginica","Test",7.98308188154116,6.91340206120668,NA
"Magallana angulata","Test",7.40397475035877,6.7902725205046,NA
"Saccostrea cuccullata","Test",8.66464289836125,6.87567140502684,NA
"Cylindroiulus punctatus","Test",7.28619171470238,6.6708502595294,NA
"Julus scandinavius","Test",6.9985096422506,6.2618191267202,NA
"Cyprideis torosa","Test",5.89989735358249,6.3665921811634,NA
"Cyrtodaria siliqua","Test",10.55385770374,6.93551271838686,NA
"Haliotis laevigata","Test",8.6079475546847,7.97213820586416,NA
"Dipylidium caninum","Test",5.93902397827376,5.59070699224145,NA
"Hydatigera taeniaeformis","Test",7.31706299480775,6.23235778679721,NA
"Moniezia expansa","Test",5.84928875624326,5.65167976949515,NA
"Sepioteuthis lessoniana","Test",5.98032635814063,6.05442030302534,NA
"Plakobranchus ocellatus","Test",5.02442861600941,6.55573314545452,NA
"Hirudo medicinalis","Test",7.10105798828533,6.40006484701546,NA
"Lamellibrachia luymesi","Test",11.3509358071482,8.01925786625861,NA
"Owenia fusiformis","Test",7.22165319356481,6.89331221785313,NA
"Thrips tabaci","Test",3.12456514539696,6.40311679869339,NA
"Placobdella costata","Test",6.82723792165527,5.57570831785875,NA
"Pomacea maculata","Test",6.9985096422506,7.28137603296626,NA
"Tisbe holothuriae","Test",2.68580459215489,4.54573595536325,NA
"Ligula intestinalis","Test",7.41541589940497,5.43951345554538,NA
"Tachypleus gigas","Test",8.79026911147866,7.25043130731484,NA
"Lithobius forficatus","Test",7.69165682281055,6.98492243558234,NA
"Litoditis marina","Test",3.24519313331544,6.00791302373346,NA
"Oncomelania hupensis","Test",6.18208490671663,7.67493666868946,NA
"Lottia gigantea","Test",8.71230757000894,6.68673263952266,NA
"Macrostomum hystrix","Test",4.60517018598809,5.49634709518946,NA
"Magicicada septendecim","Test",8.73311069763871,8.37822092826239,NA
"Unio delphinus","Test",8.29779262638086,7.180309145987,NA
"Membranipora membranacea","Test",3.73766961828337,7.48510802105374,NA
"Romanomermis culicivorax","Test",4.84024230816757,4.1085766620676,NA
"Ornithodoros turicata","Test",8.20248244657654,6.80440528534573,NA
"Patella vulgata","Test",8.52456594574565,6.71105733977823,NA
"Steromphala cineraria","Test",7.15266032207786,6.89988859404932,NA
"Pinctada fucata","Test",7.69165682281055,6.87305399275935,NA
"Polydesmus complanatus","Test",6.59304453414244,5.75386101255635,NA
"Tetranychus piercei","Test",3.93182563272433,5.49664079851165,NA
"Batillaria attramentaria","Test",8.20248244657654,7.72846499838947,NA
"Ellobium chinense","Test",8.89562962713648,7.43963034138511,NA
"Flabesymbios commensalis","Test",6.9985096422506,7.17874790079863,NA
"Gastropteron pacificum","Test",5.89989735358249,7.34605226920683,NA
"Neoseiulus californicus","Test",4.54619836417616,5.43114348074648,NA
"Platydemus manokwari","Test",6.59304453414244,5.20333335993014,NA
"Pomphorhynchus laevis","Test",5.41387570718231,5.51716895377567,NA
"Trichuris muris","Test",5.05145728861651,6.3955204514177,NA
