Motif,Shift,Slide,Rise,Tilt,Roll,Twist,A_philicity_energy,DNA_bendability,X_Displacement,Y_Displacement,Inclination,Tip,Shear,Stretch,Stagger,Buckle,Propel,Opening,Alpha,Beta,Gamma,Delta,Epsilon,Zeta,Chi,Phase,Amplitude,Hydrogen_bond,Stacking_energy,Solvation
AAAA,-0.23,-0.46,3.37,-1.567,0.95,34.924,0.98,-0.274,-0.5704695,-0.2310935,4.3356063,4.23235716,0.15,0.01,-0.02,4.748,-15.635,2.561,-72.16648,171.3449,53.72143,136.6333,-160.849,-108.86519,-121.5903,152.0133,42.6611,-10.9345,-53.626,-347.8
AAAG,-0.05,-0.36,3.26,-2.832,-0.126,35.789,0.87,-0.17750000000000002,-0.57002325,0.11270053999999999,3.2542485,1.89434527,0.135,0.005,0.09000000000000001,5.763,-16.1125,2.8175,-72.44707500000001,168.5566,55.1299,136.9789,-162.6302,-110.266655,-116.59346500000001,153.17469999999997,42.3163,-11.11875,-53.37025,-350.65
GAAA,-0.14,-0.44,3.32,-1.32,1.707,33.634,0.87,-0.1555,-0.6694865999999999,0.18990647000000002,4.673644400000001,2.4235212,0.14500000000000002,0.015,-0.035,5.6045,-14.7035,2.7565,-72.561035,169.00594999999998,53.210845,138.00799999999998,-161.2002,-108.483305,-115.80199999999999,156.2036,41.47105,-12.810500000000001,-53.6755,-347.4
GAAG,-0.13,-0.34,3.26,-2.823,1.114,34.132,0.7599999999999999,-0.059,-0.66904035,0.5337005100000001,3.5922866,0.08550931,0.13,0.01,0.07500000000000001,6.6195,-15.181000000000001,3.013,-72.84163000000001,166.21765,54.619315,138.3536,-162.9814,-109.88477,-110.805165,157.365,41.12625,-12.99475,-53.41975,-350.25
CAAA,-0.49,-0.12,3.25,-2.291,0.238,34.897,0.9333333333333332,-0.1295,-0.37771224999999997,-0.27149949,5.10013315,4.40475568,0.125,0.01,-0.03,6.525,-12.152000000000001,3.0869999999999997,-74.34437500000001,169.63299999999998,52.930585,138.6326,-146.84515,-103.81726,-143.711745,151.93234999999999,43.796125,-12.19075,-53.8735,-349.65
CAAG,-0.68,0.03,3.26,-3.886,1.032,36.612,0.8233333333333333,-0.033,-0.377266,0.07229454999999999,4.01877535,2.06674379,0.11,0.005,0.08,7.539999999999999,-12.6295,3.3434999999999997,-74.62497,166.8447,54.339055,138.97820000000002,-148.62635,-105.218725,-138.71491,153.09375,43.451325,-12.375,-53.61775,-352.5
TAAA,-0.41,-0.11,3.33,-2.758,2.397,34.795,0.8300000000000001,-0.10300000000000001,-0.5798015999999999,-0.016992229999999997,3.5140604,3.8323715500000004,0.135,0.02,-0.025,4.2775,-12.2135,3.6555,-72.99814,171.22785,52.90906,136.69189999999998,-153.1341,-103.95597000000001,-124.53699499999999,150.45635,43.525675,-11.0685,-53.55175,-348.3
TAAG,-0.33,-0.31,3.23,-3.265,-0.513,32.511,0.7200000000000001,-0.006499999999999999,-0.5793553499999999,0.32680180999999997,2.4327026,1.49435966,0.12,0.015,0.085,5.2924999999999995,-12.690999999999999,3.912,-73.27873500000001,168.43955,54.317530000000005,137.0375,-154.9153,-105.35743500000001,-119.54016,151.61775,43.180875,-11.25275,-53.296,-351.15
AAAC,-0.35,-0.45,3.34,-2.893,0.121,37.151,0.77,-0.2395,-0.7780002500000001,-0.20386488,4.08848105,2.6713695900000003,0.16,0.015,0.08,6.0995,-15.5945,2.1665,-72.222015,163.66764999999998,52.924835,138.93599999999998,-166.33010000000002,-110.229,-108.39902000000001,158.92435,40.770865,-11.5375,-54.170500000000004,-347.55
AAAT,-0.28,-0.48,3.38,-2.35,0.232,37.681,0.8966666666666666,-0.277,-0.88251695,-0.28701353,1.7611875000000001,1.9696876500000002,0.155,0.02,0.060000000000000005,3.564,-14.7845,2.2435,-72.357155,166.0049,53.952209999999994,137.0934,-167.1144,-112.66396499999999,-107.26131000000001,156.70625,40.62721,-10.81725,-53.848749999999995,-347.9
GAAC,-0.12,-0.45,3.29,-2.411,0.428,35.066,0.66,-0.121,-0.87701735,0.21713509000000003,4.42651915,0.86253363,0.15500000000000003,0.02,0.065,6.9559999999999995,-14.663,2.362,-72.61657,161.3287,52.414249999999996,140.3107,-166.68130000000002,-109.847115,-102.61072,163.11464999999998,39.580815,-13.413499999999999,-54.22,-347.15
GAAT,-0.3,-0.44,3.37,-2.703,-0.132,37.168,0.7866666666666666,-0.1585,-0.98153405,0.13398644,2.0992256,0.16085169000000002,0.15000000000000002,0.025,0.045000000000000005,4.4205000000000005,-13.853,2.439,-72.75171,163.66595,53.441625,138.4681,-167.4656,-112.28208000000001,-101.47301,160.89655,39.43716,-12.693249999999999,-53.898250000000004,-347.5
CAAC,-0.75,0.05,3.3,-3.867,-0.085,38.013,0.7233333333333333,-0.095,-0.5852430000000001,-0.24427087,4.8530079,2.84376811,0.135,0.015,0.06999999999999999,7.8765,-12.1115,2.6925,-74.39991,161.95575,52.13399,140.93529999999998,-152.32625000000002,-105.18107,-130.520465,158.8434,41.90589,-12.79375,-54.418000000000006,-349.4
CAAT,-0.65,-0.14,3.32,-4.091,0.658,37.269,0.85,-0.1325,-0.6897597,-0.32741952,2.52571435,2.14208617,0.13,0.02,0.05,5.340999999999999,-11.3015,2.7695,-74.53505000000001,164.293,53.161365,139.0927,-153.11055,-107.616035,-129.382755,156.6253,41.762235000000004,-12.0735,-54.09625,-349.75
TAAC,-1.03,0.17,3.24,-4.138,0.374,36.994,0.62,-0.06849999999999999,-0.78733235,0.010236390000000012,3.26693515,2.27138398,0.14500000000000002,0.025,0.075,5.629,-12.173,3.261,-73.053675,163.5506,52.112465,138.9946,-158.61520000000002,-105.31978000000001,-111.345715,157.3674,41.63544,-11.6715,-54.09625,-348.05
TAAT,-0.94,0.0,3.33,-4.088,1.207,37.915,0.7466666666666667,-0.10600000000000001,-0.89184905,-0.07291226,0.9396416000000001,1.5697020400000001,0.14,0.03,0.05500000000000001,3.0934999999999997,-11.363,3.338,-73.188815,165.88785000000001,53.13984,137.152,-159.3995,-107.754745,-110.208005,155.1493,41.491785,-10.95125,-53.7745,-348.4
AAGA,0.13,-0.55,3.42,-0.814,4.048,33.176,0.7599999999999999,-0.027000000000000003,-0.6428491000000001,0.17925368,0.6583467999999999,1.81555963,0.1,0.02,0.15000000000000002,8.7095,-12.201,2.102,-74.277815,164.76445,55.14239,138.67915,-155.8894,-109.00870499999999,-122.87726500000001,154.72325,42.696785,-12.92775,-53.22175,-347.75
AAGG,-0.11,-0.82,3.42,-1.928,2.249,33.947,0.6166666666666666,-0.069,-0.82155795,0.39665541,3.19660055,0.24074479999999998,0.09,0.015,0.23500000000000001,8.6545,-11.719999999999999,1.8125,-76.49258499999999,152.7347,65.937005,138.16325,-160.4469,-116.79341500000001,-107.320825,155.9371,41.660354999999996,-12.72675,-53.00725,-349.1
GAGA,0.19,-0.45,3.3,-1.183,3.776,31.431,0.65,0.028999999999999998,-0.8597507499999999,-0.07423621,2.54524515,1.0018393900000002,0.10500000000000001,0.03,0.09,6.339,-9.622,2.0125,-74.107935,166.262,53.472865,139.29155,-155.4835,-108.241495,-117.57269000000001,156.4873,42.208344999999994,-14.184000000000001,-53.320750000000004,-345.45
GAGG,-0.13,-0.52,3.26,-2.366,3.419,32.036,0.5066666666666667,-0.013000000000000001,-1.0384596,0.14316552,5.0834989,-0.57297544,0.095,0.025,0.17500000000000002,6.284000000000001,-9.141,1.723,-76.322705,154.23225,64.26748,138.77564999999998,-160.041,-116.026205,-102.01625,157.70114999999998,41.171915,-13.983,-53.10625,-346.79999999999995
CAGA,-0.17,-0.36,3.27,-2.271,3.82,31.717,0.7133333333333334,0.10099999999999999,-0.9660148,0.19809267,2.4938929,3.6999557100000002,0.09,0.03,0.1,7.2655,-6.2255,1.9935,-75.79400000000001,166.50005,52.987714999999994,139.42125,-149.29465,-104.20916,-124.77982,154.95659999999998,42.873165,-14.251000000000001,-54.1045,-357.35
CAGG,-0.2,-0.48,3.2,-2.876,0.415,30.727,0.57,0.059,-1.14472365,0.4154944,5.03214665,2.12514088,0.08,0.025,0.185,7.210500000000001,-5.7445,1.7040000000000002,-78.00877,154.4703,63.78233,138.90535,-153.85215,-111.99387,-109.22337999999999,156.17045,41.836735000000004,-14.05,-53.89,-358.7
TAGA,-0.11,-0.37,3.28,-1.681,2.724,32.282,0.61,0.058499999999999996,-0.83610505,0.0021084899999999976,0.7015797499999998,2.7850542000000003,0.11000000000000001,0.04,0.11,7.951499999999999,-8.1305,2.2024999999999997,-74.39005,163.22899999999998,53.251599999999996,140.03025000000002,-151.69185,-106.02662000000001,-124.96125500000001,158.33515,42.013885,-13.7485,-53.8405,-349.4
TAGG,-0.28,-0.29,3.18,-2.675,1.491,32.635,0.46666666666666673,0.016499999999999997,-1.0148139,0.21951021999999998,3.2398334999999996,1.21023937,0.1,0.035,0.195,7.8965,-7.6495,1.913,-76.60481999999999,151.19925,64.046215,139.51435,-156.24935,-113.81133,-109.404815,159.54899999999998,40.977455,-13.5475,-53.626,-350.75
AAGC,-0.3,-0.76,3.46,-2.526,2.171,35.604,0.7066666666666667,-0.032,-1.124008,0.2210873,2.2858744,1.58595702,0.075,0.0,0.20500000000000002,2.359,-13.804,1.673,-73.36961,164.5519,54.446585,139.06105,-161.60879999999997,-110.26433,-119.236135,155.72449999999998,42.69464,-13.12875,-54.030249999999995,-344.0
AAGT,-0.26,-1.0,3.53,-1.285,1.936,36.782,0.66,-0.132,-0.7477489500000001,0.011899999999999994,1.6980263999999998,1.29499852,0.055,0.005,0.19,1.6839999999999997,-14.761,1.9985,-73.609235,172.21385,54.91211,135.48520000000002,-169.55935,-114.79174,-104.197125,153.31545,41.43712,-12.69325,-54.22825,-346.95
GAGC,-0.16,-0.74,3.36,-2.413,1.585,31.56,0.5966666666666667,0.024,-1.34090965,-0.03240259,4.17277275,0.7722367800000001,0.08,0.01,0.145,-0.011500000000000066,-11.225000000000001,1.5835,-73.19973,166.04944999999998,52.77706,139.67345,-161.2029,-109.49712,-113.93156,157.48855,42.206199999999995,-14.385,-54.12925,-341.7
GAGT,-0.19,-0.81,3.46,-2.498,2.354,35.054,0.5499999999999999,-0.076,-0.9646505999999999,-0.24158989,3.58492475,0.48127828000000017,0.060000000000000005,0.015,0.13,-0.6865000000000001,-12.182,1.909,-73.439355,173.7114,53.242585000000005,136.0976,-169.15345000000002,-114.02453,-98.89255,155.0795,40.948679999999996,-13.9495,-54.32725,-344.65
CAGC,-0.42,-0.38,3.23,-2.938,2.024,32.4,0.66,0.096,-1.4471737,0.23992629,4.1214205,3.4703531,0.065,0.01,0.155,0.915,-7.8285,1.5645000000000002,-74.885795,166.2875,52.29191,139.80315,-155.01405,-105.464785,-121.13869,155.95785,42.87102,-14.452,-54.913,-353.6
CAGT,-0.67,-0.34,3.35,-3.556,0.824,36.904,0.6133333333333333,-0.0040000000000000036,-1.07091465,0.030738989999999994,3.5335725,3.1793946,0.045000000000000005,0.015,0.14,0.24,-8.7855,1.8900000000000001,-75.12541999999999,173.94945,52.757435,136.2273,-162.96460000000002,-109.99219500000001,-106.09968,153.5488,41.6135,-14.0165,-55.111000000000004,-356.54999999999995
TAGC,-0.73,-0.4,3.36,-4.314,3.711,35.636,0.5566666666666668,0.0535,-1.31726395,0.04394211,2.32910735,2.55545159,0.085,0.02,0.16499999999999998,1.6009999999999998,-9.7335,1.7734999999999999,-73.48184499999999,163.01645,52.555795,140.41215,-157.41125,-107.282245,-121.320125,159.3364,42.01174,-13.9495,-54.649,-345.65
TAGT,-0.83,-0.34,3.39,-4.34,3.484,35.853,0.5100000000000001,-0.0465,-0.9410049,-0.16524519,1.74125935,2.26449309,0.065,0.025,0.15,0.9259999999999997,-10.6905,2.099,-73.72147,170.6784,53.02132,136.8363,-165.36180000000002,-111.809655,-106.281115,156.92735,40.754220000000004,-13.514,-54.846999999999994,-348.6
AGAA,-0.19,-0.21,3.46,0.794,1.261,37.517,0.7600000000000001,-0.004999999999999999,-0.74231245,0.25645961,2.0777427,2.34473556,0.11000000000000001,0.03,0.025,8.551,-10.792,2.041,-74.391775,165.2138,53.223335,139.70825000000002,-154.45940000000002,-107.22535500000001,-122.0858,157.75215,41.851535,-14.6195,-53.527,-344.5
AGAG,-0.34,-0.02,3.39,-1.043,1.111,37.695,0.65,0.028999999999999998,-0.8597507499999999,-0.07423621,2.54524515,1.0018393900000002,0.10500000000000001,0.03,0.09,6.339,-9.622,2.0125,-74.107935,166.262,53.472865,139.29155,-155.4835,-108.241495,-117.57269000000001,156.4873,42.208344999999994,-14.184000000000001,-53.320750000000004,-345.45
GGAA,-0.18,-0.13,3.36,0.0,2.288,36.32,0.6166666666666667,-0.012,-0.88918995,0.5382686,4.7241989,0.98881442,0.1,0.025,-0.05,7.022,-10.1605,1.9649999999999999,-74.306955,163.1676,53.11532,139.86835000000002,-156.2552,-109.152275,-117.43665,159.61669999999998,41.02929,-15.792000000000002,-53.593,-342.7
GGAG,-0.08,-0.16,3.3,-1.13,1.217,35.937,0.5066666666666667,0.022,-1.00662825,0.20757277999999998,5.191701350000001,-0.35408175,0.095,0.025,0.015,4.8100000000000005,-8.9905,1.9365,-74.023115,164.2158,53.364850000000004,139.45165,-157.2793,-110.16841500000001,-112.92354,158.35185,41.3861,-15.3565,-53.38675,-343.65
CGAA,-0.54,0.09,3.38,-1.257,2.552,36.142,0.8033333333333333,-0.02,-0.52771925,0.37714046,4.41021535,1.03751376,0.08,0.025,-0.02,6.83,-9.284,2.1945,-74.93699000000001,166.262,52.06138,140.51524999999998,-149.3324,-103.165835,-134.13788,158.01015,42.0267,-15.055,-54.22,-349.15
CGAG,-0.65,0.23,3.31,-2.488,1.454,37.139,0.6933333333333334,0.014,-0.64515755,0.046444639999999995,4.8777178,-0.3053824099999999,0.075,0.025,0.045,4.618,-8.114,2.166,-74.65315000000001,167.3102,52.31091,140.09855,-150.3565,-104.181975,-129.62477,156.7453,42.38351,-14.6195,-54.01375,-350.1
TGAA,-0.64,0.04,3.32,-1.635,2.594,34.388,0.8233333333333333,0.0785,-0.6198582,0.11611313000000004,4.7195763,1.75559539,0.1,0.03,-0.010000000000000002,6.36,-8.346,2.2465,-74.40914000000001,167.3615,52.637755,139.8297,-145.45385,-101.97179,-141.672885,155.89055000000002,42.795860000000005,-14.66975,-53.94775,-348.0
TGAG,-0.62,0.16,3.33,-2.292,1.365,36.888,0.7133333333333334,0.1125,-0.7372964999999999,-0.21458269,5.1870787499999995,0.41269922000000014,0.095,0.03,0.055,4.148,-7.176,2.218,-74.12530000000001,168.4097,52.887285,139.413,-146.47795000000002,-102.98793,-137.159775,154.6257,43.15267,-14.23425,-53.7415,-348.95
AGAC,-0.35,-0.17,3.41,-0.718,0.5,38.923,0.5499999999999999,0.007,-0.7172881,0.08445228000000002,1.4205455,2.38618314,0.12,0.03,0.10500000000000001,5.7465,-10.8145,1.2189999999999999,-73.55325500000001,164.27125,52.91815,139.9944,-160.72435000000002,-109.924045,-116.02837500000001,159.41895,41.35845,-14.452,-53.94775,-341.35
AGAT,-0.34,-0.34,3.52,-0.499,0.806,39.651,0.6766666666666667,-0.0415,-0.81980255,0.06880666999999999,1.1824340999999998,3.0594512400000005,0.11000000000000001,0.035,0.07500000000000001,4.0565,-11.0805,1.4295,-73.603195,165.7294,53.443839999999994,138.8659,-162.0629,-112.445095,-113.98521500000001,159.25865,40.76478,-13.8825,-53.857,-341.55
GGAC,-0.66,-0.06,3.28,-3.632,1.276,37.625,0.4066666666666667,0.0,-0.8641656,0.36626126999999997,4.0670017000000005,1.030262,0.11,0.025,0.03,4.2175,-10.183,1.143,-73.468435,162.22505,52.810135,140.1545,-162.52015,-111.850965,-111.37922499999999,161.2835,40.536204999999995,-15.624500000000001,-54.01375,-339.54999999999995
GGAT,-0.42,-0.19,3.44,-1.558,0.837,39.022,0.5333333333333333,-0.0485,-0.9666800499999999,0.35061566,3.8288903000000003,1.7035301,0.1,0.03,0.0,2.5275,-10.449,1.3535,-73.51837499999999,163.6832,53.335825,139.026,-163.8587,-114.372015,-109.33606499999999,161.1232,39.942535,-15.055,-53.923,-339.75
CGAC,-0.83,0.26,3.36,-2.876,1.418,37.994,0.5933333333333334,-0.008,-0.5026949,0.20513313,3.75301815,1.07896134,0.09,0.025,0.06,4.0255,-9.3065,1.3725,-74.09846999999999,165.31945000000002,51.756195,140.8014,-155.59735,-105.864525,-128.080455,159.67694999999998,41.533615,-14.8875,-54.64075,-346.0
CGAT,-0.58,-0.05,3.43,-1.765,0.439,38.902,0.7200000000000001,-0.0565,-0.60520935,0.18948752,3.5149067499999997,1.7522294400000002,0.08,0.03,0.030000000000000002,2.3354999999999997,-9.5725,1.5830000000000002,-74.14841,166.7776,52.281885,139.6729,-156.9359,-108.38557499999999,-126.037295,159.51665,40.939944999999994,-14.318000000000001,-54.55,-346.20000000000005
TGAC,-0.94,0.18,3.32,-3.887,1.646,37.124,0.6133333333333333,0.0905,-0.59483385,-0.05589419999999998,4.0623791,1.7970429700000001,0.11,0.03,0.07,3.5555000000000003,-8.368500000000001,1.4245,-73.57061999999999,166.41895,52.33257,140.11585000000002,-151.7188,-104.67048,-135.61545999999998,157.55734999999999,42.302775,-14.50225,-54.3685,-344.85
TGAT,-0.65,0.06,3.37,-2.678,1.081,38.545,0.7399999999999999,0.042,-0.6973483,-0.07153981,3.8242677,2.47031107,0.1,0.035,0.04,1.8655000000000002,-8.6345,1.635,-73.62056,167.8771,52.85826,138.98735,-153.05734999999999,-107.19153,-133.57229999999998,157.39705,41.709105,-13.93275,-54.27775,-345.05
AGGA,0.05,-0.62,3.56,2.634,3.793,35.737,0.5066666666666667,-0.022000000000000002,-1.04170755,0.40122349999999996,4.32851285,1.14404991,0.06,0.03,0.11000000000000001,9.057,-6.6995000000000005,0.7645,-77.95791,149.68465,64.43301,139.678,-153.72070000000002,-116.06092000000001,-113.95231,158.1888,41.563395,-15.524000000000001,-53.180499999999995,-341.54999999999995
AGGG,0.11,-0.38,3.4,1.046,3.236,34.279,0.36333333333333334,-0.0345,-1.20779325,0.22704426,3.89144455,0.5758764,0.05,0.03,0.17500000000000002,9.573,-5.8285,0.5085000000000001,-76.78815499999999,148.28645,63.576840000000004,139.8496,-158.67680000000001,-117.41001,-107.52825999999999,159.86345,41.04934,-15.77525,-52.92475,-337.04999999999995
GGGA,0.33,-0.43,3.44,1.79,4.849,33.14,0.36333333333333334,0.0004999999999999996,-1.1759619,0.29145151999999996,3.9996470000000004,0.79477009,0.05,0.03,0.015,8.099,-5.678000000000001,0.722,-74.488565,158.27,52.67421,140.5256,-155.9151,-111.55222,-118.43555,160.51414999999997,41.263525,-17.14875,-53.20525,-333.9
GGGG,-0.12,-0.58,3.45,0.051,4.018,34.732,0.22,-0.012,-1.3420476,0.11727228,3.5625787,0.22659658,0.04,0.03,0.08,8.615,-4.807,0.466,-73.31881,156.8718,51.81804,140.6972,-160.8712,-112.90131,-112.0115,162.1888,40.74947,-17.4,-52.9495,-329.4
CGGA,-0.01,-0.09,3.39,0.595,3.453,33.871,0.5499999999999999,-0.061500000000000006,-0.9697525499999999,0.11999850999999999,4.403882100000001,1.53521669,0.045,0.025,0.055,7.2945,-6.452500000000001,0.948,-76.079905,162.9135,53.082235,141.3272,-151.19795,-105.534965,-125.34887499999999,159.95785,41.78067,-16.8975,-53.89,-343.79999999999995
CGGG,-0.32,-0.22,3.42,-0.308,2.852,35.432,0.4066666666666667,-0.07400000000000001,-1.13583825,-0.054180729999999996,3.9668137999999997,0.96704318,0.035,0.025,0.12,7.8105,-5.5815,0.6920000000000001,-74.91015,161.51530000000002,52.226065000000006,141.49880000000002,-156.15404999999998,-106.88405499999999,-118.924825,161.6325,41.266615,-17.14875,-53.63425,-339.29999999999995
TGGA,-0.27,-0.24,3.35,-0.405,4.736,32.393,0.57,-0.11649999999999999,-1.00253775,0.42719595,4.57300395,0.26971144999999996,0.03,0.025,-0.010000000000000002,7.2465,-4.7955000000000005,1.0074999999999998,-75.12743,163.11040000000003,52.764825,140.39690000000002,-149.4737,-106.378085,-127.47808,158.34115,42.116145,-15.50725,-53.33725,-343.2
TGGG,-0.38,-0.1,3.31,-1.055,2.304,34.785,0.4266666666666667,-0.129,-1.16862345,0.25301671000000003,4.13593565,-0.29846206,0.02,0.025,0.055,7.7625,-3.9245,0.7515,-73.957675,161.7122,51.908655,140.5685,-154.4298,-107.72717499999999,-121.05403000000001,160.0158,41.602090000000004,-15.7585,-53.081500000000005,-338.7
AGGC,-0.17,-0.92,3.64,0.863,3.739,37.397,0.4533333333333333,0.024999999999999998,-1.1378614,0.24637456,4.9283623,1.40944426,0.034999999999999996,0.02,0.14500000000000002,2.3240000000000003,-8.93,0.28700000000000003,-75.76664,159.37045,62.99669,138.40385,-164.31165,-119.732185,-100.891005,157.9842,41.171859999999995,-15.60775,-53.83225,-343.25
AGGT,-0.06,-1.11,3.68,1.522,4.766,36.348,0.4066666666666667,-0.0445,-1.1863947000000001,0.004812709999999998,3.935631,2.2409237,0.019999999999999997,0.03,0.1,-0.2079999999999993,-9.378,0.8714999999999999,-74.641015,159.7982,63.38839,136.2181,-166.62575,-122.618795,-100.685665,155.11964999999998,41.062275,-15.54075,-53.320750000000004,-346.29999999999995
GGGC,-0.34,-0.53,3.47,-0.61,3.85,34.703,0.31,0.0475,-1.27211575,0.13660258,4.59949645,1.0601644399999999,0.025,0.02,0.05,1.366,-7.9085,0.24450000000000002,-72.29729499999999,167.9558,51.23789,139.25145,-166.50605,-115.223485,-105.374245,160.30955,40.87199,-17.2325,-53.857,-335.6
GGGT,-0.02,-0.93,3.65,0.135,3.541,37.037,0.26333333333333336,-0.022,-1.32064905,-0.10495927,3.60676515,1.89164388,0.01,0.03,0.0049999999999999975,-1.1659999999999995,-8.3565,0.829,-71.17167,168.38355,51.62959,137.0657,-168.82015,-118.110095,-105.168905,157.445,40.762405,-17.1655,-53.3455,-338.65
CGGC,-0.53,-0.08,3.37,-1.272,2.424,35.874,0.49666666666666665,-0.014500000000000006,-1.0659064,-0.03485043,5.0037315499999995,1.80061104,0.02,0.015,0.09,0.5615000000000001,-8.683,0.47050000000000003,-73.888635,172.59930000000003,51.645915,140.05304999999998,-161.7889,-109.20623,-112.28757,159.75324999999998,41.389134999999996,-16.981250000000003,-54.54175,-345.5
CGGT,-0.56,-0.29,3.49,-1.529,3.333,36.36,0.45,-0.084,-1.1144397000000001,-0.27641228,4.01100025,2.63209048,0.004999999999999999,0.025,0.045,-1.9704999999999995,-9.131,1.055,-72.76301000000001,173.02705,52.037615,137.8673,-164.103,-112.09284,-112.08223000000001,156.8887,41.27955,-16.914250000000003,-54.03025,-348.54999999999995
TGGC,-0.51,-0.24,3.41,-1.329,2.909,35.419,0.5166666666666667,-0.0695,-1.0986916,0.27234701,5.1728534,0.5351058,0.005,0.015,0.025,0.5135000000000001,-7.026,0.5299999999999999,-72.93616,172.7962,51.328505,139.12275,-160.06465,-110.04935,-114.416775,158.13655,41.72461,-15.591000000000001,-53.989000000000004,-344.9
TGGT,-0.39,-0.4,3.51,-1.244,3.563,36.767,0.47000000000000003,-0.139,-1.1472249,0.030785160000000006,4.1801221,1.36658524,-0.01,0.025,-0.020000000000000004,-2.0184999999999995,-7.474,1.1145,-71.810535,173.22395,51.720205,136.937,-162.37875000000003,-112.93596,-114.21143500000001,155.272,41.615025,-15.524000000000001,-53.477500000000006,-347.95
AGTA,0.45,-0.55,3.37,2.215,-1.969,34.34,0.51,-0.079,-0.81664775,-0.55731437,2.7065427,1.1767680400000002,0.075,0.02,0.11499999999999999,-1.4140000000000001,-10.0675,1.61,-71.81860499999999,177.6729,54.25727500000001,132.23015,-166.4788,-115.64006499999999,-105.567605,147.425,41.423075,-13.731750000000002,-55.03675,-343.79999999999995
AGTG,0.06,-0.85,3.45,2.293,-1.378,33.395,0.6133333333333333,-0.0715,-1.18777785,-0.35941789,2.70151415,1.05155751,0.05,0.01,0.12,-0.7190000000000001,-11.943999999999999,1.6505,-72.11685499999999,174.9666,54.541155,133.84035,-168.7518,-114.54971,-98.228105,150.3752,41.2173,-13.9495,-55.152249999999995,-348.35
GGTA,0.25,-0.53,3.31,1.505,-0.768,33.294,0.3666666666666667,-0.0034999999999999996,-1.00331255,-0.50456249,3.92043745,1.4382818,0.07,0.03,-0.010000000000000002,-5.182499999999999,-9.5545,1.7445,-69.08547,178.29084999999998,53.33492,132.1243,-167.5097,-118.341825,-106.33195,147.6282,41.359375,-15.1555,-54.2365,-347.54999999999995
GGTG,0.05,-0.53,3.29,0.477,-2.122,32.996,0.47,0.004,-1.37444265,-0.30666601,3.9154089,1.31307127,0.045,0.02,-0.0050000000000000044,-4.4875,-11.431000000000001,1.7850000000000001,-69.38372,175.58454999999998,53.6188,133.7345,-169.7827,-117.25147,-98.99245,150.5784,41.1536,-15.37325,-54.352000000000004,-352.1
CGTA,-0.2,-0.37,3.23,0.573,-0.558,30.139,0.5533333333333333,-0.004,-0.81579845,-0.42939109999999997,4.26353855,0.20415909,0.08,0.035,0.060000000000000005,-4.01,-6.439,1.9305,-70.949145,173.8357,54.19741500000001,134.5267,-161.93310000000002,-113.161525,-112.27326500000001,151.33565,41.00804,-14.217500000000001,-55.2265,-348.45
CGTG,-0.39,-0.47,3.2,-0.218,0.272,29.416,0.6566666666666666,0.0034999999999999996,-1.18692855,-0.23149461999999998,4.25851,0.07894855999999995,0.055,0.025,0.065,-3.3150000000000004,-8.3155,1.971,-71.247395,171.1294,54.481295,136.1369,-164.2061,-112.07117,-104.933765,154.28584999999998,40.802265000000006,-14.43525,-55.342,-353.0
TGTA,-0.64,-0.42,3.17,-0.101,0.091,30.084,0.5733333333333334,0.009500000000000001,-0.66628905,-0.31222479999999997,2.9880009000000003,-1.0078553700000001,0.09,0.04,0.04,-3.8720000000000003,-5.0040000000000004,1.9580000000000002,-71.109235,174.7389,52.832755000000006,132.56369999999998,-156.2741,-111.76416499999999,-123.690145,145.46460000000002,42.714665,-13.93275,-54.583,-349.4
TGTG,-0.53,-0.53,3.24,0.183,-1.486,31.107,0.6766666666666666,0.017,-1.0374191499999998,-0.11432832,2.98297235,-1.1330659,0.065,0.030000000000000002,0.045,-3.1770000000000005,-6.8805,1.9985,-71.407485,172.0326,53.116635,134.1739,-158.5471,-110.67381,-116.350645,148.4148,42.50889,-14.150500000000001,-54.698499999999996,-353.95000000000005
AGTC,-0.05,-0.84,3.43,2.018,-1.463,33.213,0.5499999999999999,-0.098,-0.9997299,-0.04793917,2.7217362499999997,1.97940994,0.075,0.015,0.145,-1.2790000000000001,-13.374500000000001,1.1155,-72.900945,175.88145,54.19280500000001,132.1791,-171.91604999999998,-120.314415,-94.76077000000001,150.0127,40.35249,-14.217500000000001,-54.95425,-340.54999999999995
AGTT,0.02,-0.86,3.49,1.891,-1.186,34.61,0.66,-0.194,-1.2766805,-0.46505233,2.6199638999999997,1.52149336,0.08,0.015,0.18,2.0204999999999997,-14.243,1.3475000000000001,-70.833145,180.24470000000002,54.140675,131.99405000000002,-173.58724999999998,-117.81265,-95.70809,149.47575,40.230990000000006,-13.112,-55.0285,-343.85
GGTC,-0.22,-0.76,3.41,0.873,-0.681,33.156,0.4066666666666667,-0.0225,-1.1863947000000001,0.004812709999999998,3.935631,2.2409237,0.07,0.025,0.019999999999999997,-5.047499999999999,-12.8615,1.25,-70.16781,176.49939999999998,53.27045,132.07325,-172.94695000000002,-123.016175,-95.525115,150.2159,40.28879,-15.64125,-54.153999999999996,-344.29999999999995
GGTT,-0.19,-0.76,3.37,-0.68,-1.197,33.271,0.5166666666666666,-0.1185,-1.4633453,-0.41230045,3.83385865,1.78300712,0.07500000000000001,0.025,0.05499999999999999,-1.7479999999999998,-13.73,1.482,-68.10001,180.86265,53.21832,131.88819999999998,-174.61815,-120.51441,-96.472435,149.67895,40.16729,-14.53575,-54.22825,-347.6
CGTC,-0.4,-0.66,3.4,0.024,-1.677,32.678,0.5933333333333333,-0.023,-0.9988806,0.07998409999999999,4.2787321,1.00680099,0.08,0.03,0.09,-3.875,-9.746,1.436,-72.031485,172.04425,54.13294500000001,134.47565,-167.37035,-117.835875,-101.46643,153.92335,39.937455,-14.70325,-55.144,-345.2
CGTT,-0.31,-0.79,3.44,0.251,-1.081,32.941,0.7033333333333333,-0.119,-1.2758312,-0.33712906,4.17695975,0.54888441,0.085,0.03,0.125,-0.5755000000000003,-10.6145,1.6680000000000001,-69.963685,176.40750000000003,54.080815,134.29059999999998,-169.04155,-115.33411000000001,-102.41375,153.38639999999998,39.815955,-13.59775,-55.21825,-348.5
TGTC,-0.58,-0.52,3.24,-0.303,-0.091,30.228,0.6133333333333333,-0.0095,-0.8493712,0.1971504,3.0031944499999996,-0.20521347000000006,0.09,0.035,0.07,-3.737,-8.311,1.4635,-72.191575,172.94745,52.768285000000006,132.51265,-161.71134999999998,-116.438515,-112.88331,148.0523,41.64408,-14.4185,-54.5005,-346.15
TGTT,-0.46,-0.62,3.35,0.111,-1.437,33.085,0.7233333333333333,-0.1055,-1.1263218,-0.21996275999999998,2.9014220999999996,-0.66313005,0.095,0.035,0.105,-0.43750000000000044,-9.1795,1.6955,-70.123775,177.3107,52.716155,132.3276,-163.38254999999998,-113.93675,-113.83063,147.51535,41.522580000000005,-13.312999999999999,-54.57475,-349.45000000000005
ATGA,0.55,0.04,3.26,2.631,6.739,35.274,0.7399999999999999,0.164,-0.8993641499999999,-0.27984852,4.4315698,-0.1682115099999999,0.09,0.03,0.03,2.3355,-8.702,1.887,-72.9085,169.3642,54.8238,136.09705,-141.94715000000002,-103.65749,-142.90157,147.44344999999998,44.035465,-14.100249999999999,-54.2365,-352.35
ATGG,0.36,0.08,3.22,1.575,5.272,36.451,0.5966666666666666,-0.055999999999999994,-1.16135745,0.10387214,4.57248105,-2.02822463,0.06,0.02,0.03,2.661,-8.763,1.635,-72.27542500000001,168.6125,54.53581,136.1786,-151.2632,-107.01293,-121.283815,150.67125,42.60746,-13.83225,-53.758,-351.85
GTGA,0.97,0.09,3.21,3.795,7.693,33.122,0.6133333333333333,0.117,-0.9604237499999999,-0.33241069,4.30366815,0.9829784500000001,0.08499999999999999,0.025,0.045,4.1155,-6.938,1.9595,-72.80279999999999,169.6649,54.185855000000004,137.15575,-146.0763,-103.51311000000001,-136.49533,149.9214,43.42129,-14.23425,-54.5665,-352.65
GTGG,0.53,0.01,3.01,1.083,6.797,29.737,0.47,-0.103,-1.22241705,0.05130997000000001,4.4445794,-0.87703467,0.055,0.015,0.045,4.441,-6.999,1.7075,-72.169725,168.91320000000002,53.897865,137.2373,-155.39235000000002,-106.86855,-114.87757500000001,153.1492,41.993285,-13.96625,-54.088,-352.15
CTGA,0.16,0.03,3.02,1.357,7.559,28.895,0.7133333333333334,0.1845,-0.6631039,-0.14590590999999997,5.7588475,-0.36591971,0.08,0.03,0.065,5.0745000000000005,-3.7795,2.199,-74.687225,164.79825,59.62561,136.5345,-143.248,-107.093265,-137.35900999999998,148.8742,43.470095,-14.30125,-54.52525,-360.85
CTGG,0.04,0.04,3.08,0.078,6.029,32.218,0.57,-0.035500000000000004,-0.9250972,0.23781475000000002,5.89975875,-2.22593283,0.05,0.02,0.065,5.4,-3.8405,1.947,-74.05414999999999,164.04655000000002,59.33762,136.61605,-152.56405,-110.44870499999999,-115.741255,152.102,42.04209,-14.03325,-54.04675,-360.35
TTGA,0.32,0.04,3.06,0.28,8.54,28.842,0.8233333333333333,0.10450000000000001,-0.57137165,-0.33362415999999995,5.6541855000000005,-1.01125982,0.08,0.025,-0.005000000000000001,7.2805,-5.7945,2.577,-72.444295,170.31525,54.6386,132.20615,-145.42624999999998,-104.5298,-135.77415,142.3785,43.100895,-14.05,-54.14575,-350.25
TTGG,0.05,-0.05,3.05,-1.355,8.056,28.782,0.68,-0.11549999999999999,-0.83336495,0.050096500000000016,5.795096750000001,-2.87127294,0.05,0.015,-0.005000000000000001,7.606,-5.8555,2.325,-71.81121999999999,169.56355000000002,54.35061,132.2877,-154.7423,-107.88524,-114.156395,145.6063,41.672889999999995,-13.782,-53.66725,-349.75
ATGC,0.78,-0.03,3.39,2.039,6.328,37.194,0.6866666666666665,0.10500000000000001,-1.0385657,-0.07805892,5.68475855,-0.6069977200000001,0.08499999999999999,0.02,0.035,-0.42000000000000004,-9.6165,1.568,-71.886285,168.74720000000002,54.238395,135.6309,-146.15955000000002,-107.153115,-137.28704499999998,146.7837,44.49311,-14.619499999999999,-54.73975,-351.25
ATGT,0.81,-0.14,3.45,1.647,5.435,38.458,0.64,0.064,-0.97635955,-0.061766150000000006,3.110874,-2.28425586,0.06999999999999999,0.035,0.03,-4.957000000000001,-8.6445,1.9260000000000002,-71.513185,171.7319,53.754580000000004,133.1152,-154.41795000000002,-110.81819,-122.756885,145.93685,43.123065,-14.0165,-54.3685,-353.65
GTGC,0.7,-0.03,3.24,2.289,6.186,34.459,0.5599999999999999,0.057999999999999996,-1.0996253,-0.13062109,5.5568569,0.5441922399999999,0.08,0.015,0.05,1.3599999999999999,-7.852499999999999,1.6405,-71.780585,169.0479,53.60045,136.68959999999998,-150.2887,-107.008735,-130.880805,149.26165,43.878935,-14.753499999999999,-55.06975,-351.55
GTGT,0.58,-0.06,3.35,1.228,6.47,36.129,0.5133333333333333,0.017,-1.0374191499999998,-0.11432832,2.98297235,-1.1330659,0.065,0.030000000000000002,0.045,-3.1770000000000005,-6.8805,1.9985,-71.407485,172.0326,53.116635,134.1739,-158.5471,-110.67381,-116.350645,148.4148,42.50889,-14.150500000000001,-54.698499999999996,-353.95000000000005
CTGC,0.31,0.02,3.19,0.374,6.033,33.917,0.66,0.1255,-0.80230545,0.05588369,7.0120362499999995,-0.8047059200000002,0.07500000000000001,0.02,0.07,2.319,-4.694,1.8800000000000001,-73.66501,164.18125,59.040205,136.06835,-147.4604,-110.58888999999999,-131.744485,148.21445,43.92774,-14.8205,-55.0285,-359.75
CTGT,0.18,-0.05,3.18,0.325,6.787,33.516,0.6133333333333333,0.08449999999999999,-0.7400993,0.07217646,4.4381517,-2.48196406,0.060000000000000005,0.035,0.065,-2.218,-3.7220000000000004,2.238,-73.29191,167.16595,58.55639000000001,133.55265,-155.7188,-114.253965,-117.214325,147.36759999999998,42.557694999999995,-14.217500000000001,-54.657250000000005,-362.15
TTGC,-0.04,-0.08,3.14,-1.633,8.125,30.106,0.7699999999999999,0.0455,-0.7105732,-0.13183456,6.90737425,-1.4500460300000002,0.07500000000000001,0.015,0.0,4.5249999999999995,-6.709,2.258,-71.42208,169.69825,54.053195,131.74,-149.63864999999998,-108.025425,-130.159625,141.71875,43.55854,-14.56925,-54.649,-349.15
TTGT,0.24,-0.06,3.32,-1.439,7.126,34.126,0.7233333333333333,0.0045,-0.6483670500000001,-0.11554178999999999,4.3334897,-3.1273041700000004,0.060000000000000005,0.030000000000000002,-0.005000000000000001,-0.012000000000000455,-5.737,2.616,-71.04898,172.68295,53.569379999999995,129.2243,-157.89704999999998,-111.6905,-115.629465,140.87189999999998,42.188495,-13.966249999999999,-54.27775,-351.55
AATA,0.18,-0.85,3.3,0.511,-2.426,32.071,0.7466666666666667,-0.049000000000000016,-1.25557835,-0.39568639000000005,-0.91640595,-1.26733075,0.135,0.035,0.115,-2.4095,-9.577,2.2864999999999998,-71.79524,166.07580000000002,57.48155,134.7539,-168.385,-115.95978,-93.77694500000001,153.33485000000002,40.426885,-10.8005,-53.9725,-351.9
AATG,0.12,-0.9,3.34,0.614,-2.403,31.937,0.85,-0.07300000000000001,-1.26104,-0.26197521,1.8112191000000002,-1.7629552099999999,0.14,0.025,0.085,0.3959999999999999,-14.209,2.0795,-71.25107,165.66865,55.627669999999995,134.73545000000001,-163.9589,-113.96778,-102.701695,152.44945,40.676765,-12.12375,-54.187,-351.85
GATA,0.22,-0.84,3.26,0.469,-1.873,30.35,0.6366666666666666,0.036,-1.1200381,-0.10641933000000002,1.10074235,-0.09878151999999996,0.125,0.035,0.07,-4.8635,-9.7845,2.1879999999999997,-71.21054,169.59245,56.96069,134.82614999999998,-170.0743,-116.99886,-94.21705,154.33870000000002,40.18397,-12.056750000000001,-54.12925,-348.45000000000005
GATG,0.16,-0.78,3.28,0.257,-1.588,30.719,0.7399999999999999,0.012000000000000004,-1.12549975,0.027291849999999993,3.8283674000000003,-0.5944059799999999,0.13,0.025,0.04,-2.058,-14.4165,1.981,-70.66637,169.1853,55.106809999999996,134.8077,-165.6482,-115.00685999999999,-103.14179999999999,153.4533,40.43385,-13.379999999999999,-54.34375,-348.4
CATG,-0.02,-0.7,3.17,-0.184,-0.174,28.454,0.8033333333333332,0.134,-1.1654846499999998,-0.035270920000000004,4.1801613,0.8454375599999999,0.12,0.02,0.03,-1.588,-14.484,2.233,-71.763075,166.81990000000002,55.107164999999995,135.92905,-165.97340000000003,-113.787165,-104.565785,154.84175,40.404835000000006,-13.5475,-54.3025,-355.7
TATA,-0.15,-0.75,3.22,-0.199,-0.578,29.617,0.5966666666666667,0.182,-1.25433845,-0.16054301,2.2534956999999998,-1.57668948,0.11,0.04,0.09,-7.199,-5.22,2.647,-71.656925,169.91635000000002,57.68981,133.03665,-166.69485,-114.751765,-97.13512,150.44815,40.869794999999996,-10.901,-53.8735,-355.8
TATG,0.0,-0.66,3.16,-0.03,0.233,28.636,0.7000000000000001,0.158,-1.2598001,-0.02683183,4.9811207500000005,-2.07231394,0.11499999999999999,0.03,0.06,-4.3934999999999995,-9.852,2.44,-71.11275499999999,169.50920000000002,55.835930000000005,133.01819999999998,-162.26875,-112.759765,-106.05986999999999,149.56275,41.119675,-12.22425,-54.088,-355.75
AATT,-0.02,-0.95,3.39,0.108,-2.452,32.613,0.8966666666666666,-0.28,-1.1445231,-0.41106226,1.9179604499999998,-0.27361638,0.16,0.03,0.14,2.38,-13.934,1.926,-69.83875499999999,168.98595,55.375325,132.35345,-173.50905,-117.49114,-93.592135,151.2091,39.739075,-10.7,-54.0715,-348.0
GATC,-0.04,-0.8,3.28,-0.243,-1.921,31.247,0.6766666666666666,-0.11,-0.64599185,-0.08095513,3.4527751,-0.3677151299999999,0.14,0.03,0.05,-2.528,-14.349,1.729,-69.66352499999999,171.96620000000001,54.652735,133.90775000000002,-172.5491,-116.3605,-97.038,153.07,40.29415,-13.2125,-54.385,-341.1
GATT,-0.05,-0.89,3.32,-0.397,-2.28,31.788,0.7866666666666666,-0.195,-1.00898285,-0.1217952,3.9351087499999995,0.8949328500000001,0.15000000000000002,0.03,0.095,-0.07400000000000007,-14.1415,1.8275000000000001,-69.254055,172.5026,54.854465,132.4257,-175.19835,-118.53022,-94.03224,152.21295,39.49616,-11.95625,-54.22825,-344.55
AGCG,0.2,-0.55,3.5,0.459,-1.087,36.674,0.64,-0.03,-1.41667795,0.12994257,2.34997945,-1.1387119700000001,0.025,0.01,0.175,-0.651,-8.1355,0.4445,-72.363125,160.33105,53.297034999999994,138.377,-158.3969,-112.981,-114.9842,155.11419999999998,41.82407,-16.143749999999997,-55.573,-340.05
GGCA,0.43,-0.58,3.44,1.503,-0.188,35.163,0.5166666666666666,0.0915,-0.6954474500000001,0.030337799999999998,4.42987095,0.30062301999999996,0.030000000000000002,0.015,0.03,-2.5675,-7.8795,0.463,-71.494485,173.05880000000002,53.350635,136.191,-165.11149999999998,-116.11171,-99.720465,155.1238,40.260234999999994,-16.37825,-54.970749999999995,-344.3
GGCG,0.37,-0.37,3.4,0.097,-0.388,35.917,0.49666666666666665,0.015,-1.1785504,0.215069,3.9687574999999997,-1.9996361500000002,0.015,0.015,0.08,-2.5625,-8.131499999999999,0.32,-70.99524,168.1832,52.448505,136.88105000000002,-165.06425,-117.32356,-100.914875,155.7729,40.612435,-17.198999999999998,-55.48225,-343.70000000000005
CGCA,0.12,-0.16,3.41,0.425,-2.113,35.968,0.7033333333333333,-0.0005000000000000004,-0.5744717,0.022577959999999994,3.8939150500000004,0.20423716999999997,0.035,0.02,0.09000000000000001,0.753,-5.0009999999999994,0.76,-73.71076500000001,167.9057,53.114554999999996,137.52375,-151.1942,-108.23205,-122.28815499999999,153.497,41.74898,-16.512249999999998,-55.688500000000005,-346.20000000000005
CGCG,-0.04,-0.32,3.37,0.356,-1.21,32.001,0.6833333333333332,-0.077,-1.0575746499999998,0.20730916,3.4328016000000003,-2.096022,0.02,0.02,0.14,0.758,-5.253,0.617,-73.21152000000001,163.0301,52.212424999999996,138.2138,-151.14695,-109.4439,-123.482565,154.1461,42.10118,-17.333,-56.2,-345.6
TGCA,-0.28,-0.26,3.37,-1.1,-0.782,34.544,0.7233333333333333,0.076,-0.4691634,-0.03517913,5.07858765,0.3632234299999999,0.05,0.02,0.04,0.748,-4.749,0.903,-72.765725,166.9499,53.723985,136.96035,-147.9316,-108.755585,-131.40348,150.9425,42.875985,-15.6915,-55.177,-346.8
AGCT,-0.14,-0.69,3.56,-0.072,-0.326,37.371,0.5966666666666667,0.017,-1.5239690000000001,-0.06076197,3.3774623,0.96766845,0.03,0.0,0.21,-2.06,-11.018,0.272,-72.39584500000001,160.17615,53.310289999999995,138.6969,-165.13305,-115.74692,-109.29556,156.62095,41.370545,-14.9545,-54.946,-334.5
GGCC,-0.07,-0.72,3.48,-0.985,-0.593,36.502,0.31,0.107,-1.32535815,-0.1705822,5.21634535,0.21495027,0.01,0.01,0.02,-5.883,-11.01,0.023,-70.378135,178.8805,52.699065,136.7264,-170.28859999999997,-117.629985,-97.588565,156.5593,40.361405,-17.065,-54.7645,-341.8
GGCT,0.08,-0.8,3.56,-0.787,-0.856,37.594,0.4533333333333333,0.062,-1.28584145,0.024364459999999998,4.99624035,0.10674426999999997,0.02,0.005,0.11499999999999999,-3.9715,-11.014,0.14750000000000002,-71.02796000000001,168.0283,52.46176,137.20095,-171.8004,-120.08948000000001,-95.226235,157.27965,40.15891,-16.00975,-54.85525,-338.15
TGCT,-0.57,-0.42,3.42,-2.67,-0.137,35.174,0.66,0.0465,-1.0595574,-0.04115247,5.64495705,0.16934467999999991,0.04,0.01,0.125,-0.656,-7.8835,0.5875,-72.2992,161.9194,52.83511,137.9703,-154.6205,-112.733355,-126.90924999999999,153.09834999999998,42.77466,-15.323,-55.061499999999995,-340.65
ATAA,0.73,0.09,3.29,3.197,5.931,35.559,0.7466666666666667,0.125,-0.952863,-0.12566509,0.83646695,0.59535315,0.11499999999999999,0.035,0.03,-1.696,-7.006,3.6985,-72.43622500000001,171.29875,56.4384,134.3524,-154.4047,-107.251785,-111.05263,147.08495,43.32535,-11.05175,-53.6755,-352.3
GTAA,0.88,0.1,3.2,3.433,6.551,34.135,0.62,0.0465,-0.64825415,-0.24241255999999997,3.4412189,1.37612918,0.14,0.03,0.010000000000000002,2.1945,-7.9975000000000005,3.5235000000000003,-71.488105,173.8986,53.662695,133.78244999999998,-151.83474999999999,-106.20576,-120.91064,145.7273,43.166830000000004,-12.291250000000002,-54.1045,-348.0
CTAG,-0.13,0.13,3.0,-0.212,5.788,31.544,0.61,0.09,-0.8750406500000001,-0.04873142,4.9409659999999995,-0.13265333,0.14,0.04,0.12,5.262,-8.449,3.275,-72.364425,168.55265,53.61406,134.37195,-157.40385,-109.5514,-116.84650500000001,149.7763,41.986729999999994,-12.9445,-54.352,-356.8
TTAA,-0.52,0.12,3.13,0.161,8.556,31.315,0.8300000000000001,0.068,-0.37083105,0.008106740000000001,3.87940355,0.4622278900000001,0.12,0.03,-0.03,3.807,-8.792,4.75,-72.32816,170.94815,54.069685,133.52935,-146.5643,-102.70851,-131.48459,143.77265,43.914085,-11.2025,-53.4775,-348.8
TTAG,-0.66,0.2,3.09,-2.582,6.012,32.483,0.7200000000000001,0.079,-0.5543086500000001,-0.03934568000000001,3.6628245999999995,-0.50630382,0.13,0.035,0.045,4.5344999999999995,-8.6205,4.0125,-71.88933,166.74145,54.399735,135.16745,-151.86284999999998,-106.03711000000001,-125.62505,150.1029,42.02181,-12.0735,-53.91475,-352.8
ATAC,0.17,0.07,3.27,0.268,4.324,37.504,0.5366666666666666,0.1035,-1.30681445,-0.44047546000000004,1.8176630999999999,0.2951390199999999,0.135,0.035,0.07,-3.3085,-6.2115,2.472,-72.04337,168.98925000000003,56.754864999999995,135.23045,-158.16885,-111.60654,-112.9281,150.0933,42.501255,-12.1405,-54.302499999999995,-351.5
ATAT,0.06,-0.25,3.54,-0.384,4.655,40.28,0.6633333333333333,0.182,-1.25433845,-0.16054301,2.2534956999999998,-1.57668948,0.11,0.04,0.09,-7.199,-5.22,2.647,-71.656925,169.91635000000002,57.68981,133.03665,-166.69485,-114.751765,-97.13512,150.44815,40.869794999999996,-10.901,-53.8735,-355.8
GTAC,-0.31,-0.06,3.15,-0.182,5.93,32.323,0.41,0.025,-1.0022056,-0.55722293,4.42241505,1.0759150499999999,0.16,0.03,0.05,0.582,-7.203,2.297,-71.09525,171.5891,53.97916,134.6605,-155.59890000000001,-110.560515,-122.78611000000001,148.73565000000002,42.342735000000005,-13.38,-54.7315,-347.2
CTAC,-0.83,0.08,3.17,-2.352,5.869,34.436,0.5100000000000001,0.057499999999999996,-1.0455145,-0.31608937,6.1387411,0.53566425,0.15000000000000002,0.035,0.08499999999999999,2.9219999999999997,-7.8260000000000005,2.786,-72.4104,170.44985000000003,53.600475,133.6119,-155.86945,-110.57755499999999,-124.581515,146.45440000000002,43.05491,-13.16225,-54.54174999999999,-352.0
CTAT,-0.28,0.1,3.26,-1.187,4.967,36.108,0.6366666666666667,0.136,-0.9930385,-0.036156919999999995,6.5745737,-1.33616425,0.125,0.04,0.105,-0.9685000000000001,-6.8345,2.961,-72.023955,171.37695000000002,54.53542,131.41809999999998,-164.39545,-113.72278,-108.788535,146.80925000000002,41.42345,-11.92275,-54.11275,-356.3
ACGA,0.43,0.11,3.32,3.599,6.706,36.181,0.5933333333333333,-0.018000000000000002,-0.6199848,-0.25784279,3.5535454,-0.29982266999999985,0.01,0.035,0.04,-0.7015000000000002,-5.2355,1.5005000000000002,-73.59746,168.5679,53.45515,137.02159999999998,-148.54165,-105.746765,-136.060725,149.72455,44.067449999999994,-15.23925,-55.21825,-350.5
ACGG,0.33,0.18,3.21,1.351,5.648,34.94,0.44999999999999996,-0.0845,-0.94133185,-0.4423469,3.83469575,-0.17624891999999992,0.015,0.03,0.115,-0.798,-6.015499999999999,1.241,-73.38901,168.7188,54.060945000000004,137.34789999999998,-155.7034,-107.06504,-119.84877,152.44945,43.07313,-15.97625,-55.020250000000004,-349.45
GCGA,0.26,0.15,3.17,1.809,5.924,33.341,0.64,-0.04,-0.72092585,0.20878980000000003,3.0549245000000003,-2.21633116,0.02,0.025,0.07500000000000001,3.9785,-5.0245,1.0270000000000001,-73.81654499999999,161.5918,52.830884999999995,138.8021,-147.5505,-107.665855,-130.67741,154.37095,42.00138,-16.37825,-55.4575,-348.45000000000005
GCGG,-0.07,0.19,3.16,0.072,4.812,35.375,0.49666666666666665,-0.10650000000000001,-1.0422729,0.024285690000000013,3.33607485,-2.09275741,0.025,0.02,0.15000000000000002,3.882,-5.8045,0.7675000000000001,-73.60809499999999,161.7427,53.436679999999996,139.1284,-154.71224999999998,-108.98413,-114.46545499999999,157.09584999999998,41.007059999999996,-17.11525,-55.2595,-347.4
CCGA,0.02,0.05,3.03,1.074,6.755,29.951,0.5499999999999999,-0.0695,-0.6119522,-0.028051889999999996,3.3822188,0.054063380000000105,0.025,0.025,0.085,7.1025,-5.5760000000000005,1.1775,-75.08326500000001,167.67295000000001,54.717785,136.03404999999998,-146.24965,-107.397175,-129.663245,149.9504,42.28632,-16.1605,-54.517,-350.25
CCGG,-0.09,0.11,2.88,-0.308,5.343,28.397,0.4066666666666667,-0.136,-0.9332992499999999,-0.212556,3.66336915,0.17763713000000003,0.03,0.02,0.16,7.006,-6.356,0.918,-74.87481500000001,167.82385,55.32358,136.36034999999998,-153.41140000000001,-108.71545,-113.45129,152.6753,41.292,-16.8975,-54.319,-349.2
TCGA,0.1,0.09,3.08,0.323,7.42,29.786,0.6933333333333334,-0.003,-0.2905473,-0.1545125,3.32918305,-1.57316274,0.02,0.03,0.01,7.199,-4.796,1.437,-74.538775,166.16469999999998,56.591139999999996,137.0137,-146.88925,-107.129915,-128.229895,151.88105000000002,41.746925,-15.4235,-54.715,-351.3
ACGC,-0.19,0.14,3.32,-0.486,4.887,37.97,0.5399999999999999,-0.055,-0.9566336,-0.25932342999999997,3.9314225,-0.17951350999999993,0.01,0.03,0.10500000000000001,-3.922,-5.464,1.0905,-72.992435,170.00619999999998,52.836690000000004,136.4333,-152.1381,-107.52481,-128.86588,149.49970000000002,44.167249999999996,-16.194,-55.960750000000004,-347.65
ACGT,0.35,0.02,3.49,1.344,5.819,40.785,0.49333333333333335,-0.033,-0.93862855,-0.41795404999999997,3.8177482,-0.48577092999999993,0.0,0.04,0.07,-8.602,-5.675,1.564,-71.514205,171.1319,54.326965,135.3172,-162.7929,-113.11078,-112.034165,151.9694,42.217585,-15.055,-55.7215,-349.7
GCGC,0.29,0.11,3.23,1.842,5.351,35.702,0.5866666666666667,-0.077,-1.0575746499999998,0.20730916,3.4328016000000003,-2.096022,0.02,0.02,0.14,0.758,-5.253,0.617,-73.21152000000001,163.0301,52.212424999999996,138.2138,-151.14695,-109.4439,-123.482565,154.1461,42.10118,-17.333,-56.2,-345.6
TTTT,-0.23,-0.46,3.37,-1.567,0.95,34.924,0.98,-0.274,-1.3420476,0.11727228,3.5625787,0.22659658,0.15,0.01,-0.02,4.748,-15.635,2.561,-71.46832,175.5773,53.11207,132.1739,-162.4267,-115.75541,-103.00067,146.782,41.54555,-10.9345,-53.626,-347.8
CTTT,-0.05,-0.36,3.26,-2.832,-0.126,35.789,0.87,-0.17750000000000002,-1.1265763999999998,0.1651957,3.7680903,-0.72352772,0.135,0.005,0.09000000000000001,5.763,-16.1125,2.8175,-70.874015,174.65385,56.551,130.10305,-167.02695,-118.347535,-98.6129,144.6397,40.910470000000004,-11.11875,-53.37025,-350.65
TTTC,-0.14,-0.44,3.32,-1.32,1.707,33.634,0.87,-0.1555,-1.0302513,0.19208203000000001,3.6299334,0.46208848999999996,0.14500000000000002,0.015,-0.035,5.6045,-14.7035,2.7565,-70.25857,176.62905,54.305765,132.83265,-165.72735,-114.8472,-103.92804000000001,147.42970000000003,41.60223,-12.810500000000001,-53.6755,-347.4
CTTC,-0.13,-0.34,3.26,-2.823,1.114,34.132,0.7599999999999999,-0.059,-0.8147800999999999,0.24000545,3.835445,-0.48803581,0.13,0.01,0.07500000000000001,6.6195,-15.181000000000001,3.013,-69.664265,175.7056,57.744695,130.7618,-170.3276,-117.439325,-99.54026999999999,145.2874,40.967150000000004,-12.99475,-53.41975,-350.25
TTTG,-0.49,-0.12,3.25,-2.291,0.238,34.897,0.9333333333333332,-0.1295,-1.0067891,-0.08564792999999998,5.2217398,-2.3462143,0.125,0.01,-0.03,6.525,-12.152000000000001,3.0869999999999997,-70.24710999999999,174.0759,54.90701,128.15475,-161.96145,-114.486425,-100.60845,140.0759,41.21831,-12.19075,-53.8735,-349.65
CTTG,-0.68,0.03,3.26,-3.886,1.032,36.612,0.8233333333333333,-0.033,-0.7913178999999999,-0.03772450999999999,5.4272514,-3.2963386000000003,0.11,0.005,0.08,7.539999999999999,-12.6295,3.3434999999999997,-69.652805,173.15245,58.34594,126.0839,-166.56169999999997,-117.07855,-96.22067999999999,137.9336,40.58323,-12.375,-53.61775,-352.5
TTTA,-0.41,-0.11,3.33,-2.758,2.397,34.795,0.8300000000000001,-0.10300000000000001,-0.747288,-0.03181164,4.31443565,-1.14066679,0.135,0.02,-0.025,4.2775,-12.2135,3.6555,-71.14742000000001,173.1814,54.577375,131.24105,-155.06805,-111.06284,-119.24307999999999,142.71395,42.491735,-11.0685,-53.55175,-348.3
CTTA,-0.33,-0.31,3.23,-3.265,-0.513,32.511,0.7200000000000001,-0.006499999999999999,-0.5318168,0.016111779999999992,4.5199472499999995,-2.0907910899999997,0.12,0.015,0.085,5.2924999999999995,-12.690999999999999,3.912,-70.55311499999999,172.25795,58.016305,129.1702,-159.6683,-113.654965,-114.85531,140.57165,41.856655,-11.25275,-53.296,-351.15
GTTT,-0.35,-0.45,3.34,-2.893,0.121,37.151,0.77,-0.2395,-1.48474385,-0.19006889999999999,3.7896722,0.11795981999999999,0.16,0.015,0.08,6.0995,-15.5945,2.1665,-69.321905,178.70365,54.053785000000005,131.25805,-167.44695000000002,-116.732675,-98.80961500000001,146.71935000000002,40.552395000000004,-11.5375,-54.170500000000004,-347.55
ATTT,-0.28,-0.48,3.38,-2.35,0.232,37.681,0.8966666666666666,-0.277,-1.2182647,-0.18095934,4.10586545,-0.013827160000000005,0.155,0.02,0.060000000000000005,3.564,-14.7845,2.2435,-69.299,176.44215,54.839865,129.66365000000002,-168.0325,-117.137475,-98.62630999999999,143.90050000000002,41.21519,-10.81725,-53.848749999999995,-347.9
GTTC,-0.12,-0.45,3.29,-2.411,0.428,35.066,0.66,-0.121,-1.17294755,-0.11525914999999998,3.8570269,0.35345173,0.15500000000000003,0.02,0.065,6.9559999999999995,-14.663,2.362,-68.112155,179.7554,55.247479999999996,131.9168,-170.74759999999998,-115.824465,-99.736985,147.36705,40.609075000000004,-13.413499999999999,-54.22,-347.15
ATTC,-0.3,-0.44,3.37,-2.703,-0.132,37.168,0.7866666666666666,-0.1585,-0.9064684000000001,-0.10614958999999999,4.17322015,0.22166475,0.15000000000000002,0.025,0.045000000000000005,4.4205000000000005,-13.853,2.439,-68.08924999999999,177.4939,56.033559999999994,130.32240000000002,-171.33315,-116.229265,-99.55368,144.5482,41.27187,-12.693249999999999,-53.898250000000004,-347.5
GTTG,-0.75,0.05,3.3,-3.867,-0.085,38.013,0.7233333333333333,-0.095,-1.14948535,-0.39298911,5.4488333,-2.45485106,0.135,0.015,0.06999999999999999,7.8765,-12.1115,2.6925,-68.100695,177.20225,55.848725,127.2389,-166.9817,-115.46369,-96.417395,140.01325,40.225155,-12.79375,-54.418000000000006,-349.4
ATTG,-0.65,-0.14,3.32,-4.091,0.658,37.269,0.85,-0.1325,-0.8830062000000001,-0.38387954999999996,5.76502655,-2.58663804,0.13,0.02,0.05,5.340999999999999,-11.3015,2.7695,-68.07779,174.94074999999998,56.634805,125.6445,-167.56725,-115.86849000000001,-96.23409,137.1944,40.887950000000004,-12.0735,-54.09625,-349.75
GTTA,-1.03,0.17,3.24,-4.138,0.374,36.994,0.62,-0.06849999999999999,-0.88998425,-0.33915282,4.54152915,-1.24930355,0.14500000000000002,0.025,0.075,5.629,-12.173,3.261,-69.00100499999999,176.30775,55.51909,130.3252,-160.0883,-112.04010500000001,-115.052025,142.6513,41.498580000000004,-11.6715,-54.09625,-348.05
ATTA,-0.94,0.0,3.33,-4.088,1.207,37.915,0.7466666666666667,-0.10600000000000001,-0.6235051,-0.33004326,4.8577224,-1.38109053,0.14,0.03,0.05500000000000001,3.0934999999999997,-11.363,3.338,-68.9781,174.04625,56.30517,128.7308,-160.67385,-112.444905,-114.86872,139.83245,42.161375,-10.95125,-53.7745,-348.4
TCTT,0.13,-0.55,3.42,-0.814,4.048,33.176,0.7600000000000001,-0.027000000000000003,-0.9449091000000001,0.23513659,5.57501035,-2.28194833,0.1,0.02,0.15000000000000002,8.7095,-12.201,2.102,-70.025005,171.8212,58.549440000000004,128.45909999999998,-170.03015,-118.40364500000001,-94.809495,142.8702,40.531235,-12.92775,-53.22175,-347.75
CCTT,-0.11,-0.82,3.42,-1.928,2.249,33.947,0.6166666666666667,-0.069,-0.8398044499999999,0.41201278,4.4926422,-0.52948339,0.09,0.015,0.23500000000000001,8.6545,-11.719999999999999,1.8125,-69.73804,172.53655,59.260845,128.0462,-169.8363,-117.53367,-99.74834,141.05759999999998,41.11683,-12.72675,-53.00725,-349.1
TCTC,0.19,-0.45,3.3,-1.183,3.776,31.431,0.65,0.028999999999999998,-1.1665204,0.10336335,7.015048350000001,-1.0713031000000002,0.10500000000000001,0.03,0.09,6.339,-9.622,2.0125,-69.71931000000001,174.21564999999998,55.76052,129.22705,-168.75130000000001,-116.03766,-99.42784,142.86565000000002,41.344440000000006,-14.184000000000001,-53.320750000000004,-345.45
CCTC,-0.13,-0.52,3.26,-2.366,3.419,32.036,0.5066666666666667,-0.013000000000000001,-1.06141575,0.28023954,5.9326802,0.68116184,0.095,0.025,0.17500000000000002,6.284000000000001,-9.141,1.723,-69.432345,174.93099999999998,56.471925,128.81414999999998,-168.55745000000002,-115.167685,-104.366685,141.05304999999998,41.930035000000004,-13.983,-53.10625,-346.79999999999995
TCTG,-0.17,-0.36,3.27,-2.271,3.82,31.717,0.7133333333333334,0.10099999999999999,-0.91685405,0.17201121000000003,7.13332185,-3.2592948,0.09,0.03,0.1,7.2655,-6.2255,1.9935,-71.64103,165.72625,61.89246,130.83915000000002,-162.78640000000001,-117.106,-98.389905,144.8021,41.208275,-14.251000000000001,-54.1045,-357.35
CCTG,-0.2,-0.48,3.2,-2.876,0.415,30.727,0.57,0.059,-0.8117494000000001,0.3488874,6.0509537,-1.50682986,0.08,0.025,0.185,7.210500000000001,-5.7445,1.7040000000000002,-71.35406499999999,166.4416,62.603865,130.42625,-162.59255000000002,-116.236025,-103.32875,142.9895,41.79387,-14.05,-53.89,-358.7
TCTA,-0.11,-0.37,3.28,-1.681,2.724,32.282,0.61,0.058499999999999996,-0.8863527,0.028743510000000014,7.3994971,-2.32543691,0.11000000000000001,0.04,0.11,7.951499999999999,-8.1305,2.2024999999999997,-70.773505,172.15995,55.79014,128.8016,-163.61225000000002,-114.63324,-106.66113,140.61785,42.077420000000004,-13.7485,-53.8405,-349.4
CCTA,-0.28,-0.29,3.18,-2.675,1.491,32.635,0.4666666666666666,0.016499999999999997,-0.7812480500000001,0.20561970000000002,6.31712895,-0.57297197,0.1,0.035,0.195,7.8965,-7.6495,1.913,-70.48653999999999,172.8753,56.501545,128.3887,-163.41840000000002,-113.76326499999999,-111.599975,138.80525,42.663015,-13.5475,-53.626,-350.75
GCTT,-0.3,-0.76,3.46,-2.526,2.171,35.604,0.7066666666666667,-0.032,-1.1403021,0.05295758,4.1648342,-1.67694789,0.075,0.0,0.20500000000000002,2.359,-13.804,1.673,-70.52992499999999,165.3736,57.127855,132.3142,-171.54354999999998,-121.78648000000001,-92.970305,149.3132,39.799350000000004,-13.12875,-54.030249999999995,-344.0
ACTT,-0.26,-1.0,3.53,-1.285,1.936,36.782,0.66,-0.132,-0.82646915,-0.06515628000000001,2.5786821499999997,-1.96640893,0.055,0.005,0.19,1.6839999999999997,-14.761,1.9985,-70.065685,172.60775,60.209585000000004,128.81955,-172.11124999999998,-121.962425,-93.47189499999999,143.59359999999998,40.67572,-12.69325,-54.22825,-346.95
GCTC,-0.16,-0.74,3.36,-2.413,1.585,31.56,0.5966666666666667,0.024,-1.3619134000000002,-0.07881566,5.6048722,-0.46630266,0.08,0.01,0.145,-0.011500000000000066,-11.225000000000001,1.5835,-70.22423,167.76805,54.338935,133.08215,-170.2647,-119.420495,-97.58865,149.30865,40.612555,-14.385,-54.12925,-341.7
ACTC,-0.19,-0.81,3.46,-2.498,2.354,35.054,0.5499999999999999,-0.076,-1.04808045,-0.19692952,4.01872015,-0.7557637,0.060000000000000005,0.015,0.13,-0.6865000000000001,-12.182,1.909,-69.75998999999999,175.0022,57.420665,129.58749999999998,-170.8324,-119.59644,-98.09024,143.58905,41.488925,-13.9495,-54.32725,-344.65
GCTG,-0.42,-0.38,3.23,-2.938,2.024,32.4,0.66,0.096,-1.1122470500000001,-0.010167799999999998,5.7231457,-2.65429436,0.065,0.01,0.155,0.915,-7.8285,1.5645000000000002,-72.14595,159.27865,60.47087500000001,134.69425,-164.2998,-120.488835,-96.550715,151.24509999999998,40.476389999999995,-14.452,-54.913,-353.6
ACTG,-0.67,-0.34,3.35,-3.556,0.824,36.904,0.6133333333333333,-0.0040000000000000036,-0.7984141,-0.12828166000000002,4.13699365,-2.9437554,0.045000000000000005,0.015,0.14,0.24,-8.7855,1.8900000000000001,-71.68171,166.5128,63.552605,131.1996,-164.8675,-120.66478000000001,-97.05230499999999,145.5255,41.35276,-14.0165,-55.111000000000004,-356.54999999999995
GCTA,-0.73,-0.4,3.36,-4.314,3.711,35.636,0.5566666666666668,0.0535,-1.0817457,-0.1534355,5.98932095,-1.72043647,0.085,0.02,0.16499999999999998,1.6009999999999998,-9.7335,1.7734999999999999,-71.278425,165.71235000000001,54.368555,132.6567,-165.12565,-118.016075,-104.82194,147.06085000000002,41.345535,-13.9495,-54.649,-345.65
ACTA,-0.83,-0.34,3.39,-4.34,3.484,35.853,0.51,-0.0465,-0.76791275,-0.27154936,4.4031689,-2.00989751,0.065,0.025,0.15,0.9259999999999997,-10.6905,2.099,-70.814185,172.94650000000001,57.450285,129.16205,-165.69335,-118.19202,-105.32353,141.34125,42.221905,-13.514,-54.846999999999994,-348.6
TTCT,-0.19,-0.21,3.46,0.794,1.261,37.517,0.7599999999999999,-0.004999999999999999,-0.848584,0.26202292000000005,5.43685345,-1.09633212,0.11000000000000001,0.03,0.025,8.551,-10.792,2.041,-69.40956,173.7964,56.304204999999996,131.18869999999998,-168.73055,-114.90331,-100.12463500000001,145.6602,41.222995,-14.6195,-53.527,-344.5
CTCT,-0.34,-0.02,3.39,-1.043,1.111,37.695,0.65,0.028999999999999998,-1.1665204,0.10336335,7.015048350000001,-1.0713031000000002,0.10500000000000001,0.03,0.09,6.339,-9.622,2.0125,-69.71931000000001,174.21564999999998,55.76052,129.22705,-168.75130000000001,-116.03766,-99.42784,142.86565000000002,41.344440000000006,-14.184000000000001,-53.320750000000004,-345.45
TTCC,-0.18,-0.13,3.36,0.0,2.288,36.32,0.6166666666666666,-0.012,-0.6444622499999999,0.017899140000000008,4.0164472,2.46496878,0.1,0.025,-0.05,7.022,-10.1605,1.9649999999999999,-69.139775,175.1971,57.95143,130.04579999999999,-171.96195,-116.346095,-99.90094,144.35610000000003,40.780879999999996,-15.792000000000002,-53.593,-342.7
CTCC,-0.08,-0.16,3.3,-1.13,1.217,35.937,0.5066666666666667,0.022,-0.96239865,-0.14076043,5.5946421,2.4899978000000003,0.095,0.025,0.015,4.8100000000000005,-8.9905,1.9365,-69.449525,175.61635,57.407745,128.08415,-171.98270000000002,-117.480445,-99.20414500000001,141.56155,40.902325000000005,-15.3565,-53.38675,-343.65
TTCG,-0.54,0.09,3.38,-1.257,2.552,36.142,0.8033333333333333,-0.02,-0.5063074,-0.09275385,3.273453,-1.9545436799999998,0.08,0.025,-0.02,6.83,-9.284,2.1945,-70.60399000000001,172.07659999999998,58.62962,132.9355,-162.84654999999998,-114.984285,-101.52657,148.10655000000003,40.69018,-15.055,-54.22,-349.15
CTCG,-0.65,0.23,3.31,-2.488,1.454,37.139,0.6933333333333334,0.014,-0.8242438000000001,-0.25141342,4.8516479,-1.9295146599999997,0.075,0.025,0.045,4.618,-8.114,2.166,-70.91373999999999,172.49585,58.085935,130.97385,-162.8673,-116.118635,-100.82977500000001,145.312,40.811625,-14.6195,-54.01375,-350.1
TTCA,-0.64,0.04,3.32,-1.635,2.594,34.388,0.8233333333333333,0.0785,-0.707014,-0.06405117999999999,4.2212581,0.03057261,0.1,0.03,-0.010000000000000002,6.36,-8.346,2.2465,-71.26351,171.56715,58.00322,130.88094999999998,-160.93585000000002,-113.56381999999999,-109.41585,143.7187,41.64456,-14.66975,-53.94775,-348.0
CTCA,-0.62,0.16,3.33,-2.292,1.365,36.888,0.7133333333333334,0.1125,-1.0249504,-0.22271074999999999,5.799453,0.05560163000000001,0.095,0.03,0.055,4.148,-7.176,2.218,-71.57326,171.9864,57.459535,128.9193,-160.9566,-114.69817,-108.719055,140.92415,41.766005,-14.23425,-53.7415,-348.95
GTCT,-0.35,-0.17,3.41,-0.718,0.5,38.923,0.5499999999999999,0.007,-1.02612595,0.29698515000000003,5.6983646,-0.9825442100000001,0.12,0.03,0.10500000000000001,5.7465,-10.8145,1.2189999999999999,-70.540695,171.50775,56.104355,129.79915,-168.77895,-119.29055,-94.05889,145.48680000000002,40.29466,-14.452,-53.94775,-341.35
ATCT,-0.34,-0.34,3.52,-0.499,0.806,39.651,0.6766666666666666,-0.0415,-0.6736064,-0.07017837999999998,5.430451850000001,-2.8348957500000003,0.11000000000000001,0.035,0.07500000000000001,4.0565,-11.0805,1.4295,-68.85946000000001,173.0731,56.636575,129.50175000000002,-168.38645,-115.023865,-97.828665,142.98805,41.633945,-13.8825,-53.857,-341.55
GTCC,-0.66,-0.06,3.28,-3.632,1.276,37.625,0.4066666666666667,0.0,-0.8220042,0.05286136999999999,4.2779583500000005,2.57875669,0.11,0.025,0.03,4.2175,-10.183,1.143,-70.27090999999999,172.90845000000002,57.751580000000004,128.65625,-172.01035000000002,-120.73333500000001,-93.835195,144.1827,39.852545,-15.624500000000001,-54.01375,-339.54999999999995
ATCC,-0.42,-0.19,3.44,-1.558,0.837,39.022,0.5333333333333333,-0.0485,-0.46948464999999995,-0.31430216,4.0100456,0.7264051500000002,0.1,0.03,0.0,2.5275,-10.449,1.3535,-68.589675,174.47379999999998,58.2838,128.35885000000002,-171.61785,-116.46665,-97.60497000000001,141.68395,41.191829999999996,-15.055,-53.923,-339.75
GTCG,-0.83,0.26,3.36,-2.876,1.418,37.994,0.5933333333333334,-0.008,-0.68384935,-0.057791620000000016,3.53496415,-1.84075577,0.09,0.025,0.06,4.0255,-9.3065,1.3725,-71.735125,169.78795,58.429770000000005,131.54595,-162.89495,-119.37152499999999,-95.460825,147.93315,39.761844999999994,-14.8875,-54.64075,-346.0
ATCG,-0.58,-0.05,3.43,-1.765,0.439,38.902,0.7200000000000001,-0.0565,-0.3313298,-0.42495515,3.2670514,-3.69310731,0.08,0.03,0.030000000000000002,2.3354999999999997,-9.5725,1.5830000000000002,-70.05389,171.3533,58.96199,131.24855000000002,-162.50245,-115.10484,-99.23060000000001,145.4344,41.10113,-14.318000000000001,-54.55,-346.20000000000005
GTCA,-0.94,0.18,3.32,-3.887,1.646,37.124,0.6133333333333333,0.0905,-0.88455595,-0.029088950000000002,4.4827692500000005,0.14436052,0.11,0.03,0.07,3.5555000000000003,-8.368500000000001,1.4245,-72.394645,169.2785,57.80337,129.4914,-160.98425,-117.95106,-103.35010500000001,143.5453,40.716224999999994,-14.50225,-54.3685,-344.85
ATCA,-0.65,0.06,3.37,-2.678,1.081,38.545,0.7399999999999999,0.042,-0.5320364,-0.39625248,4.2148565,-1.70799102,0.1,0.035,0.04,1.8655000000000002,-8.6345,1.635,-70.71341000000001,170.84384999999997,58.335589999999996,129.19400000000002,-160.59175,-113.68437499999999,-107.11988,141.04655000000002,42.05551,-13.93275,-54.27775,-345.05
TCCT,0.05,-0.62,3.56,2.634,3.793,35.737,0.5066666666666667,-0.022000000000000002,-0.6694865999999999,0.18990647000000002,4.673644400000001,2.4235212,0.06,0.03,0.11000000000000001,9.057,-6.6995000000000005,0.7645,-69.21355,172.02805,59.46758,127.3302,-171.47065,-116.44044,-100.10901000000001,140.12630000000001,40.93056,-15.524000000000001,-53.180499999999995,-341.54999999999995
CCCT,0.11,-0.38,3.4,1.046,3.236,34.279,0.36333333333333334,-0.0345,-0.88918995,0.5382686,4.7241989,0.98881442,0.05,0.03,0.17500000000000002,9.573,-5.8285,0.5085000000000001,-69.13719499999999,170.2202,57.868155,130.0214,-165.41495,-114.680255,-103.33508,143.22505,41.52023,-15.77525,-52.92475,-337.04999999999995
TCCC,0.33,-0.43,3.44,1.79,4.849,33.14,0.36333333333333334,0.0004999999999999996,-0.7901728499999999,0.11726862999999998,4.386160800000001,2.7976503800000003,0.05,0.03,0.015,8.099,-5.678000000000001,0.722,-69.15437499999999,170.90555,58.803974999999994,129.2914,-168.8402,-116.99301500000001,-98.17254,143.73355,40.49252,-17.14875,-53.20525,-333.9
CCCC,-0.12,-0.58,3.45,0.051,4.018,34.732,0.22,-0.012,-1.0098762,0.46563076,4.4367153,1.3629436,0.04,0.03,0.08,8.615,-4.807,0.466,-69.07802,169.0977,57.20455,131.9826,-162.7845,-115.23283,-101.39861,146.8323,41.08219,-17.4,-52.9495,-329.4
TCCG,-0.01,-0.09,3.39,0.595,3.453,33.871,0.5499999999999999,-0.061500000000000006,-0.75371955,-0.21528587999999999,3.64564785,1.4400708200000003,0.045,0.025,0.055,7.2945,-6.452500000000001,0.948,-71.239435,171.10115000000002,59.208235,128.51024999999998,-165.1409,-117.65865,-98.00545,142.45460000000003,40.351545,-16.8975,-53.89,-343.79999999999995
CCCG,-0.32,-0.22,3.42,-0.308,2.852,35.432,0.4066666666666667,-0.07400000000000001,-0.9734228999999999,0.13307625,3.69620235,0.005364040000000014,0.035,0.025,0.12,7.8105,-5.5815,0.6920000000000001,-71.16308000000001,169.2933,57.60881,131.20145,-159.0852,-115.898465,-101.23152,145.55335000000002,40.941215,-17.14875,-53.63425,-339.29999999999995
TCCA,-0.27,-0.24,3.35,-0.405,4.736,32.393,0.57,-0.11649999999999999,-1.0052875000000001,-0.11874736000000001,4.644557600000001,2.2629693300000002,0.03,0.025,-0.010000000000000002,7.2465,-4.7955000000000005,1.0074999999999998,-70.21395,172.85590000000002,57.442605,129.3681,-166.2833,-116.940935,-100.923265,143.59865000000002,40.465469999999996,-15.50725,-53.33725,-343.2
CCCA,-0.38,-0.1,3.31,-1.055,2.304,34.785,0.4266666666666667,-0.129,-1.22499085,0.22961477,4.6951121,0.8282625499999999,0.02,0.025,0.055,7.7625,-3.9245,0.7515,-70.137595,171.04805,55.843180000000004,132.0593,-160.2276,-115.18075,-104.14933500000001,146.69740000000002,41.055139999999994,-15.7585,-53.081500000000005,-338.7
GCCT,-0.17,-0.92,3.64,0.863,3.739,37.397,0.4533333333333333,0.024999999999999998,-1.10851805,0.05690458000000004,4.9039795,-0.42457325999999995,0.034999999999999996,0.02,0.14500000000000002,2.3240000000000003,-8.93,0.28700000000000003,-69.33843,175.03195,56.636075,131.85365000000002,-168.24085,-115.920995,-100.855845,147.15305,40.843284999999995,-15.60775,-53.83225,-343.25
ACCT,-0.06,-1.11,3.68,1.522,4.766,36.348,0.4066666666666667,-0.0445,-1.2488849,0.12888750000000002,4.40685825,0.06094456000000001,0.019999999999999997,0.03,0.1,-0.2079999999999993,-9.378,0.8714999999999999,-69.444585,166.5008,56.845325,131.09115,-167.20645000000002,-115.53719000000001,-103.37848,144.75095,41.638605,-15.54075,-53.320750000000004,-346.29999999999995
GCCC,-0.34,-0.53,3.47,-0.61,3.85,34.703,0.31,0.0475,-1.2292043,-0.01573326,4.6164959,-0.05044408,0.025,0.02,0.05,1.366,-7.9085,0.24450000000000002,-69.279255,173.90945,55.97247,133.81484999999998,-165.6104,-116.47357,-98.919375,150.7603,40.405244999999994,-17.2325,-53.857,-335.6
ACCC,-0.02,-0.93,3.65,0.135,3.541,37.037,0.2633333333333333,-0.022,-1.36957115,0.05624965999999998,4.11937465,0.43507374,0.01,0.03,0.0049999999999999975,-1.1659999999999995,-8.3565,0.829,-69.38541000000001,165.3783,56.18172,133.05235,-164.57600000000002,-116.089765,-101.44201000000001,148.3582,41.200565,-17.1655,-53.3455,-338.65
GCCG,-0.53,-0.08,3.37,-1.272,2.424,35.874,0.49666666666666665,-0.014500000000000006,-1.192751,-0.34828777,3.87598295,-1.40802364,0.02,0.015,0.09,0.5615000000000001,-8.683,0.47050000000000003,-71.364315,174.10505,56.376729999999995,133.0337,-161.91109999999998,-117.139205,-98.752285,149.48135000000002,40.264269999999996,-16.981250000000003,-54.54175,-345.5
ACCG,-0.56,-0.29,3.49,-1.529,3.333,36.36,0.45,-0.084,-1.33311785,-0.27630485,3.3788617,-0.9225058199999999,0.004999999999999999,0.025,0.045,-1.9704999999999995,-9.131,1.055,-71.47047,165.57389999999998,56.58598,132.2712,-160.8767,-116.75540000000001,-101.27492000000001,147.07925,41.05959,-16.914250000000003,-54.03025,-348.54999999999995
GCCA,-0.51,-0.24,3.41,-1.329,2.909,35.419,0.5166666666666666,-0.0695,-1.44431895,-0.25174925,4.8748927,-0.58512513,0.005,0.015,0.025,0.5135000000000001,-7.026,0.5299999999999999,-70.33883,175.8598,54.6111,133.89155,-163.05349999999999,-116.42149,-101.67009999999999,150.6254,40.378195,-15.591000000000001,-53.989000000000004,-344.9
ACCA,-0.39,-0.4,3.51,-1.244,3.563,36.767,0.47,-0.139,-1.5846858,-0.17976633,4.37777145,-0.09960731,-0.01,0.025,-0.020000000000000004,-2.0184999999999995,-7.474,1.1145,-70.444985,167.32864999999998,54.820350000000005,133.12905,-162.0191,-116.03768500000001,-104.192735,148.2233,41.173514999999995,-15.524000000000001,-53.477500000000006,-347.95
TACT,0.45,-0.55,3.37,2.215,-1.969,34.34,0.51,-0.079,-1.0194348500000001,-0.38797169,2.9193346,0.2863959199999999,0.075,0.02,0.11499999999999999,-1.4140000000000001,-10.0675,1.61,-71.447875,168.98845,56.57943,134.05675,-162.7714,-115.370725,-111.976645,149.80295,41.909055,-13.731750000000002,-55.03675,-343.79999999999995
CACT,0.06,-0.85,3.45,2.293,-1.378,33.395,0.6133333333333333,-0.0715,-1.0656354000000001,-0.004521629999999999,2.1847428,-0.40510540000000006,0.05,0.01,0.12,-0.7190000000000001,-11.943999999999999,1.6505,-71.309155,167.2538,56.385175000000004,135.298,-170.69715000000002,-117.98454000000001,-97.867955,154.2866,40.429015,-13.9495,-55.152249999999995,-348.35
TACC,0.25,-0.53,3.31,1.505,-0.768,33.294,0.3666666666666667,-0.0034999999999999996,-1.51315135,-0.39282157,4.2284704,1.16958078,0.07,0.03,-0.010000000000000002,-5.182499999999999,-9.5545,1.7445,-71.36844500000001,164.07535000000001,53.944255,136.31435,-159.6575,-112.35148000000001,-116.36002,152.4001,42.0305,-15.1555,-54.2365,-347.54999999999995
CACC,0.05,-0.53,3.29,0.477,-2.122,32.996,0.47,0.004,-1.5593519,-0.00937151,3.4938786,0.47807946,0.045,0.02,-0.0050000000000000044,-4.4875,-11.431000000000001,1.7850000000000001,-71.229725,162.3407,53.75,137.5556,-167.58325000000002,-114.965295,-102.25133,156.88375,40.55046,-15.37325,-54.352000000000004,-352.1
TACG,-0.2,-0.37,3.23,0.573,-0.558,30.139,0.5533333333333333,-0.004,-1.1250357,-0.54578588,3.9766247,0.38598503000000006,0.08,0.035,0.060000000000000005,-4.01,-6.439,1.9305,-71.66031,168.8853,54.10871,135.451,-156.4587,-110.50977,-122.54701,149.36939999999998,43.552279999999996,-14.217500000000001,-55.2265,-348.45
CACG,-0.39,-0.47,3.2,-0.218,0.272,29.416,0.6566666666666666,0.0034999999999999996,-1.17123625,-0.16233581999999996,3.2420329,-0.3055162899999999,0.055,0.025,0.065,-3.3150000000000004,-8.3155,1.971,-71.52159,167.15064999999998,53.914455000000004,136.69225,-164.38445000000002,-113.12358499999999,-108.43832,153.85305,42.072239999999994,-14.43525,-55.342,-353.0
TACA,-0.64,-0.42,3.17,-0.101,0.091,30.084,0.5733333333333334,0.009500000000000001,-1.0844367,-0.58975165,3.9516135,0.55960508,0.09,0.04,0.04,-3.8720000000000003,-5.0040000000000004,1.9580000000000002,-71.47243,168.66185000000002,54.009119999999996,133.6881,-154.5675,-111.10641,-122.75817,147.43900000000002,42.71576,-13.93275,-54.583,-349.4
CACA,-0.53,-0.53,3.24,0.183,-1.486,31.107,0.6766666666666666,0.017,-1.13063725,-0.20630158999999998,3.2170217,-0.13189624,0.065,0.030000000000000002,0.045,-3.1770000000000005,-6.8805,1.9985,-71.33371,166.9272,53.814865,134.92935,-162.49325,-113.720225,-108.64948000000001,151.92265,41.23572,-14.150500000000001,-54.698499999999996,-353.95000000000005
GACT,-0.05,-0.84,3.43,2.018,-1.463,33.213,0.5499999999999999,-0.098,-0.73014405,-0.03826995,2.4405252500000003,-0.78079272,0.075,0.015,0.145,-1.2790000000000001,-13.374500000000001,1.1155,-70.56510499999999,168.1335,56.259564999999995,134.78095000000002,-173.3383,-118.241995,-95.30875499999999,154.20864999999998,40.18544,-14.217500000000001,-54.95425,-340.54999999999995
AACT,0.02,-0.86,3.49,1.891,-1.186,34.61,0.66,-0.194,-0.86368205,-0.26003397,2.5125591,-0.57439191,0.08,0.015,0.18,2.0204999999999997,-14.243,1.3475000000000001,-71.064605,163.73775,56.27874,135.4228,-172.20325000000003,-117.289,-93.9632,155.2626,39.97834,-13.112,-55.0285,-343.85
GACC,-0.22,-0.76,3.41,0.873,-0.681,33.156,0.4066666666666667,-0.0225,-1.22386055,-0.04311983,3.7496610500000003,0.10239213999999999,0.07,0.025,0.019999999999999997,-5.047499999999999,-12.8615,1.25,-70.485675,163.22039999999998,53.62439,137.03855,-170.2244,-115.22275,-99.69212999999999,156.80579999999998,40.306884999999994,-15.64125,-54.153999999999996,-344.29999999999995
AACC,-0.19,-0.76,3.37,-0.68,-1.197,33.271,0.5166666666666667,-0.1185,-1.35739855,-0.26488385000000003,3.8216949,0.30879295000000007,0.07500000000000001,0.025,0.05499999999999999,-1.7479999999999998,-13.73,1.482,-70.985175,158.82465,53.643564999999995,137.6804,-169.08935000000002,-114.269755,-98.346575,157.85975,40.099785,-14.53575,-54.22825,-347.6
GACG,-0.4,-0.66,3.4,0.024,-1.677,32.678,0.5933333333333334,-0.023,-0.8357448999999999,-0.19608413999999996,3.4978153499999998,-0.6812036099999998,0.08,0.03,0.09,-3.875,-9.746,1.436,-70.77753999999999,168.03035,53.788844999999995,136.17520000000002,-167.0256,-113.38104,-105.87912,153.7751,41.828665,-14.70325,-55.144,-345.2
AACG,-0.31,-0.79,3.44,0.251,-1.081,32.941,0.7033333333333335,-0.119,-0.9692829000000001,-0.41784815999999997,3.5698492,-0.47480279999999986,0.085,0.03,0.125,-0.5755000000000003,-10.6145,1.6680000000000001,-71.27704,163.63459999999998,53.80802,136.81705,-165.89055000000002,-112.428045,-104.53356500000001,154.82905,41.621565,-13.59775,-55.21825,-348.5
GACA,-0.58,-0.52,3.24,-0.303,-0.091,30.228,0.6133333333333333,-0.0095,-0.7951459,-0.24004990999999998,3.47280415,-0.50758356,0.09,0.035,0.07,-3.737,-8.311,1.4635,-70.58966,167.80689999999998,53.689255,134.41230000000002,-165.1344,-113.97767999999999,-106.09028,151.8447,40.992144999999994,-14.4185,-54.5005,-346.15
AACA,-0.46,-0.62,3.35,0.111,-1.437,33.085,0.7233333333333333,-0.1055,-0.9286839,-0.46181393,3.5448380000000004,-0.30118274999999994,0.095,0.035,0.105,-0.43750000000000044,-9.1795,1.6955,-71.08915999999999,163.41115,53.70843,135.05415,-163.99935,-113.024685,-104.744725,152.89865,40.785045,-13.312999999999999,-54.57475,-349.45000000000005
TCAT,0.55,0.04,3.26,2.631,6.739,35.274,0.7399999999999999,0.164,-0.84951335,-0.14225956,4.3349406,2.1436842499999997,0.09,0.03,0.03,2.3355,-8.702,1.887,-73.52502,164.21044999999998,56.824479999999994,134.10559999999998,-165.12625000000003,-114.64508000000001,-105.31839500000001,152.77190000000002,39.839835,-14.100249999999999,-54.2365,-352.35
CCAT,0.36,0.08,3.22,1.575,5.272,36.451,0.5966666666666667,-0.055999999999999994,-1.2217796,0.0520369,4.439081,2.60869259,0.06,0.02,0.03,2.661,-8.763,1.635,-72.38450499999999,167.9829,53.811895,136.03834999999998,-167.53975000000003,-115.61509000000001,-101.78028,156.37315,39.538775,-13.83225,-53.758,-351.85
TCAC,0.97,0.09,3.21,3.795,7.693,33.122,0.6133333333333333,0.117,-1.0425053499999999,-0.030302859999999987,3.96547565,0.40625993,0.08499999999999999,0.025,0.045,4.1155,-6.938,1.9595,-73.12242499999999,164.238,56.424045,134.6298,-160.82135,-113.08627,-108.49677,151.6217,40.706095,-14.23425,-54.5665,-352.65
CCAC,0.53,0.01,3.01,1.083,6.797,29.737,0.47000000000000003,-0.103,-1.4147716,0.16399360000000002,4.0696160500000005,0.87126827,0.055,0.015,0.045,4.441,-6.999,1.7075,-71.98191,168.01045,53.411460000000005,136.56255,-163.23485,-114.05628,-104.958655,155.22295,40.405035,-13.96625,-54.088,-352.15
TCAG,0.16,0.03,3.02,1.357,7.559,28.895,0.7133333333333334,0.1845,-0.9557407,0.049589209999999995,5.2946055,1.3443451800000001,0.08,0.03,0.065,5.0745000000000005,-3.7795,2.199,-74.61912000000001,167.3465,56.367999999999995,133.5396,-152.0328,-107.62884,-114.68901500000001,147.0814,41.977235,-14.30125,-54.52525,-360.85
CCAG,0.04,0.04,3.08,0.078,6.029,32.218,0.57,-0.035500000000000004,-1.32800695,0.24388567,5.3987459,1.8093535200000002,0.05,0.02,0.065,5.4,-3.8405,1.947,-73.478605,171.11894999999998,53.355415,135.47235,-154.4463,-108.59885,-111.15090000000001,150.68265,41.676175,-14.03325,-54.04675,-360.35
TCAA,0.32,0.04,3.06,0.28,8.54,28.842,0.8233333333333333,0.10450000000000001,-0.440264,-0.35344981,5.30494405,1.97035951,0.08,0.025,-0.005000000000000001,7.2805,-5.7945,2.577,-75.000235,166.6873,56.32336,134.4512,-142.8425,-105.97899,-139.90474,145.6057,43.280680000000004,-14.05,-54.14575,-350.25
CCAA,0.05,-0.05,3.05,-1.355,8.056,28.782,0.68,-0.11549999999999999,-0.81253025,-0.15915335,5.40908445,2.43536785,0.05,0.015,-0.005000000000000001,7.606,-5.8555,2.325,-73.85972000000001,170.45974999999999,53.31077500000001,136.38395,-145.256,-106.949,-136.366625,149.20695,42.97962,-13.782,-53.66725,-349.75
GCAT,0.78,-0.03,3.39,2.039,6.328,37.194,0.6866666666666666,0.10500000000000001,-0.59608235,0.007608869999999997,3.5739904,1.81565871,0.08499999999999999,0.02,0.035,-0.42000000000000004,-9.6165,1.568,-72.642515,165.0226,54.592755,137.2585,-167.74545,-115.389635,-98.68222,159.00054999999998,38.787710000000004,-14.619499999999999,-54.73975,-351.25
ACAT,0.81,-0.14,3.45,1.647,5.435,38.458,0.64,0.064,-0.9376452499999999,-0.31825829,3.5864866500000003,1.60552808,0.06999999999999999,0.035,0.03,-4.957000000000001,-8.6445,1.9260000000000002,-71.73630499999999,166.89965,54.2153,134.40515,-166.79815000000002,-115.279035,-105.471105,153.07285000000002,40.369460000000004,-14.0165,-54.3685,-353.65
GCAC,0.7,-0.03,3.24,2.289,6.186,34.459,0.56,0.057999999999999996,-0.78907435,0.11956557000000001,3.20452545,0.07823438999999999,0.08,0.015,0.05,1.3599999999999999,-7.852499999999999,1.6405,-72.23992,165.05015,54.192319999999995,137.7827,-163.44055,-113.830825,-101.860595,157.85035,39.65397,-14.753499999999999,-55.06975,-351.55
ACAC,0.58,-0.06,3.35,1.228,6.47,36.129,0.5133333333333333,0.017,-1.13063725,-0.20630158999999998,3.2170217,-0.13189624,0.065,0.030000000000000002,0.045,-3.1770000000000005,-6.8805,1.9985,-71.33371,166.9272,53.814865,134.92935,-162.49325,-113.720225,-108.64948000000001,151.92265,41.23572,-14.150500000000001,-54.698499999999996,-353.95000000000005
GCAG,0.31,0.02,3.19,0.374,6.033,33.917,0.66,0.1255,-0.7023097,0.19945764,4.5336553,1.01631964,0.07500000000000001,0.02,0.07,2.319,-4.694,1.8800000000000001,-73.736615,168.15865,54.136275,136.6925,-154.652,-108.373395,-108.05284,153.31005,40.925110000000004,-14.8205,-55.0285,-359.75
ACAG,0.18,-0.05,3.18,0.325,6.787,33.516,0.6133333333333333,0.08449999999999999,-1.0438726,-0.12640952,4.54615155,0.8061890100000001,0.060000000000000005,0.035,0.065,-2.218,-3.7220000000000004,2.238,-72.830405,170.0357,53.75882,133.83915,-153.7047,-108.262795,-114.841725,147.38235,42.50686,-14.217500000000001,-54.657250000000005,-362.15
GCAA,-0.04,-0.08,3.14,-1.633,8.125,30.106,0.77,0.0455,-0.186833,-0.20358138,4.54399385,1.64233397,0.07500000000000001,0.015,0.0,4.5249999999999995,-6.709,2.258,-74.11773,167.49945,54.091635,137.60410000000002,-145.4617,-106.723545,-133.268565,151.83435,42.228555,-14.56925,-54.649,-349.15
ACAA,0.24,-0.06,3.32,-1.439,7.126,34.126,0.7233333333333333,0.0045,-0.5283959,-0.52944854,4.5564900999999995,1.43220334,0.060000000000000005,0.030000000000000002,-0.005000000000000001,-0.012000000000000455,-5.737,2.616,-73.21152000000001,169.3765,53.71418,134.75074999999998,-144.5144,-106.612945,-140.05745000000002,145.90665,43.810305,-13.966249999999999,-54.27775,-351.55
TATT,0.18,-0.85,3.3,0.511,-2.426,32.071,0.7466666666666667,-0.049000000000000016,-1.1432832,-0.17591888,5.0878621,-0.58297511,0.135,0.035,0.115,-2.4095,-9.577,2.2864999999999998,-69.70043999999999,172.8265,55.583585,130.6362,-171.81889999999999,-116.28312500000001,-96.95031,148.32240000000002,40.181985,-10.8005,-53.9725,-351.9
CATT,0.12,-0.9,3.34,0.614,-2.403,31.937,0.85,-0.07300000000000001,-1.04896775,-0.18435797,4.28690265,2.33477639,0.14,0.025,0.085,0.3959999999999999,-14.209,2.0795,-70.35076,170.1372,54.85482,133.54705,-175.52355,-117.31052500000001,-95.45622499999999,153.6014,39.467145,-12.12375,-54.187,-351.85
TATC,0.22,-0.84,3.26,0.469,-1.873,30.35,0.6366666666666667,0.036,-0.7802922,-0.13507881,4.6055284499999996,-1.84562309,0.125,0.035,0.07,-4.8635,-9.7845,2.1879999999999997,-70.10991,172.2901,55.381855,132.11825,-169.16965,-114.113405,-99.95607,149.17945,40.979974999999996,-12.056750000000001,-54.12925,-348.45000000000005
CATC,0.16,-0.78,3.28,0.257,-1.588,30.719,0.7399999999999999,0.012000000000000004,-0.6859767499999999,-0.1435179,3.804569,1.07212841,0.13,0.025,0.04,-2.058,-14.4165,1.981,-70.76023,169.6008,54.65309,135.0291,-172.8743,-115.140805,-98.461985,154.45845,40.265135,-13.379999999999999,-54.34375,-348.4
CATA,0.0,-0.66,3.16,-0.03,0.233,28.636,0.6999999999999998,0.158,-1.1600229999999998,-0.16898210000000002,1.45253625,1.3410620199999999,0.11499999999999999,0.03,0.06,-4.3934999999999995,-9.852,2.44,-72.307245,167.22705000000002,56.961045,135.9475,-170.3995,-115.779165,-95.641035,155.72715,40.154955,-12.22425,-54.088,-355.75
AATC,-0.05,-0.89,3.32,-0.397,-2.28,31.788,0.7866666666666666,-0.195,-0.7815321,-0.37022219,1.4356268,-1.5362643599999999,0.15000000000000002,0.03,0.095,-0.07400000000000007,-14.1415,1.8275000000000001,-70.248225,168.44955,55.173595,133.83550000000002,-170.8598,-115.32141999999999,-96.597895,152.06615,40.537065,-11.95625,-54.22825,-344.55
CGCT,0.2,-0.55,3.5,0.459,-1.087,36.674,0.64,-0.03,-1.1648657,0.016604619999999994,4.46028445,0.01035841999999998,0.025,0.01,0.175,-0.651,-8.1355,0.4445,-73.24424,162.8752,52.22568,138.5337,-157.8831,-112.20982000000001,-117.793925,155.65285,41.647655,-16.143749999999997,-55.573,-340.05
TGCC,0.43,-0.58,3.44,1.503,-0.188,35.163,0.5166666666666667,0.0915,-1.0990741,-0.23609913,5.865062050000001,0.27755067999999994,0.030000000000000002,0.015,0.03,-2.5675,-7.8795,0.463,-71.64937499999999,172.7716,53.072415,137.49575,-153.1087,-110.27386,-129.27158,152.378,42.977154999999996,-16.37825,-54.970749999999995,-344.3
CGCC,0.37,-0.37,3.4,0.097,-0.388,35.917,0.49666666666666665,0.015,-1.2043824,-0.17834203999999998,4.68038945,0.11856442,0.015,0.015,0.08,-2.5625,-8.131499999999999,0.32,-72.594415,173.7274,52.462985,138.05915,-156.3713,-109.750325,-120.15625499999999,154.9325,41.85015,-17.198999999999998,-55.48225,-343.70000000000005
TGCG,0.12,-0.16,3.41,0.425,-2.113,35.968,0.7033333333333335,-0.0005000000000000004,-0.9522663499999999,0.14955207,4.6174742,-1.9370357400000002,0.035,0.02,0.09000000000000001,0.753,-5.0009999999999994,0.76,-72.26648,162.0743,52.821855,137.6504,-147.88434999999998,-109.967435,-132.59789,151.5916,43.228184999999996,-16.512249999999998,-55.688500000000005,-346.20000000000005
AGCC,0.08,-0.8,3.56,-0.787,-0.856,37.594,0.45333333333333337,0.062,-1.5634857,-0.25570863,3.5975673,1.0758744500000001,0.02,0.005,0.11499999999999999,-3.9715,-11.014,0.14750000000000002,-71.74602,171.02835,53.547595,138.22235,-163.62124999999997,-113.287425,-111.65789000000001,155.9006,41.57304,-16.00975,-54.85525,-338.15
AGCA,-0.57,-0.42,3.42,-2.67,-0.137,35.174,0.66,0.0465,-0.933575,-0.05478863,2.8110929000000002,1.1615472,0.04,0.01,0.125,-0.656,-7.8835,0.5875,-72.86237,165.20665,54.199164999999994,137.68695,-158.44414999999998,-111.76915,-113.78979000000001,154.4651,41.471869999999996,-15.323,-55.061499999999995,-340.65
TTAT,0.73,0.09,3.29,3.197,5.931,35.559,0.7466666666666667,0.125,-0.6723065,-0.026771180000000006,5.296432299999999,-1.7098147399999999,0.11499999999999999,0.035,0.03,-1.696,-7.006,3.6985,-71.54885999999999,169.56575,55.321095,132.21359999999999,-158.85444999999999,-110.20849000000001,-117.56708,147.13585,41.458529999999996,-11.05175,-53.6755,-352.3
TTAC,0.88,0.1,3.2,3.433,6.551,34.135,0.62,0.0465,-0.7247825,-0.30670363,4.8605997,0.16201376,0.14,0.03,0.010000000000000002,2.1945,-7.9975000000000005,3.5235000000000003,-71.935305,168.63865,54.38615,134.4074,-150.32844999999998,-107.063265,-133.36006,146.781,43.08999,-12.291250000000002,-54.1045,-348.0
CTAA,-0.66,0.2,3.09,-2.582,6.012,32.483,0.7200000000000001,0.079,-0.6915630500000001,-0.0012789999999999885,5.15754495,0.83587838,0.13,0.035,0.045,4.5344999999999995,-8.6205,4.0125,-72.80325500000001,172.75935,53.28401,132.73385,-152.1053,-106.2228,-122.70604499999999,143.44605,43.879005,-12.0735,-53.91475,-352.8
GTAT,0.17,0.07,3.27,0.268,4.324,37.504,0.5366666666666666,0.1035,-0.9497296,-0.27729048,4.85824765,-0.79591345,0.135,0.035,0.07,-3.3085,-6.2115,2.472,-70.708805,172.5162,54.914105000000006,132.4667,-164.12490000000003,-113.70573999999999,-106.99313000000001,149.09050000000002,40.711275,-12.1405,-54.302499999999995,-351.5
GTAG,-0.83,0.08,3.17,-2.352,5.869,34.436,0.51,0.057499999999999996,-0.83173175,-0.28986498,3.2246399500000003,0.40759747,0.15000000000000002,0.035,0.08499999999999999,2.9219999999999997,-7.8260000000000005,2.786,-71.049275,169.69189999999998,53.992745,135.42055,-157.13330000000002,-109.53435999999999,-115.0511,152.05755,41.274555,-13.16225,-54.54174999999999,-352.0
ATAG,-0.28,0.1,3.26,-1.187,4.967,36.108,0.6366666666666667,0.136,-1.1363406,-0.17311751000000003,0.6198879999999999,-0.37317856000000005,0.125,0.04,0.105,-0.9685000000000001,-6.8345,2.961,-71.997395,167.09205,56.76845,135.9905,-159.70325,-110.580385,-105.19309000000001,153.4152,41.433075,-11.92275,-54.11275,-356.3
TCGT,0.43,0.11,3.32,3.599,6.706,36.181,0.5933333333333334,-0.018000000000000002,-0.6091910500000001,-0.31462376000000003,3.59338585,-1.7591109999999999,0.01,0.035,0.04,-0.7015000000000002,-5.2355,1.5005000000000002,-72.45552,168.7287,57.462955,135.3093,-161.1405,-114.49393,-104.20333500000001,154.1259,39.897059999999996,-15.23925,-55.21825,-350.5
CCGT,0.33,0.18,3.21,1.351,5.648,34.94,0.45,-0.0845,-0.9305959500000001,-0.18816315,3.6464216,-0.13188487999999998,0.015,0.03,0.115,-0.798,-6.015499999999999,1.241,-73.00001,170.23695,55.589600000000004,134.32965000000002,-160.5009,-114.76119,-105.636685,152.19525,40.436455,-15.97625,-55.020250000000004,-349.45
TCGC,0.26,0.15,3.17,1.809,5.924,33.341,0.64,-0.04,-0.6271961,-0.15599314000000003,3.70706015,-1.4528535799999998,0.02,0.025,0.07500000000000001,3.9785,-5.0245,1.0270000000000001,-73.93375,167.603,55.97268,136.42540000000002,-150.4857,-108.90796,-121.03505,151.6562,41.846725,-16.37825,-55.4575,-348.45000000000005
CCGC,-0.07,0.19,3.16,0.072,4.812,35.375,0.49666666666666665,-0.10650000000000001,-0.948601,-0.02953253,3.7600959,0.17437254000000002,0.025,0.02,0.15000000000000002,3.882,-5.8045,0.7675000000000001,-74.47824,169.11124999999998,54.099325,135.44575,-149.84609999999998,-109.17522,-122.4684,149.72555,42.386120000000005,-17.11525,-55.2595,-347.4
TCGG,0.02,0.05,3.03,1.074,6.755,29.951,0.55,-0.0695,-0.61189435,-0.33901661,3.6103334,-1.4495889899999999,0.025,0.025,0.085,7.1025,-5.5760000000000005,1.1775,-74.330325,166.31560000000002,57.196934999999996,137.34,-154.051,-108.44819,-112.01794000000001,154.60595,40.752605,-16.1605,-54.517,-350.25
GCGT,-0.19,0.14,3.32,-0.486,4.887,37.97,0.54,-0.055,-1.0395696,0.048678540000000006,3.3191273,-2.40227942,0.01,0.03,0.10500000000000001,-3.922,-5.464,1.0905,-71.73329,164.1558,53.7027,137.0977,-161.80175,-115.02987,-106.65084999999999,156.61579999999998,40.151515,-16.194,-55.960750000000004,-347.65
